first_name,male,female
AARON,0.9917355371900827,0.008264462809917357
ABBEY,0.0,1.0
ABBIE,0.0,1.0
ABBY,0.0,1.0
ABDUL,1.0,0.0
ABE,1.0,0.0
ABEL,1.0,0.0
ABIGAIL,0.0,1.0
ABRAHAM,1.0,0.0
ABRAM,1.0,0.0
ADA,0.0,1.0
ADAH,0.0,1.0
ADALBERTO,1.0,0.0
ADALINE,0.0,1.0
ADAM,0.9961538461538462,0.003846153846153846
ADAN,1.0,0.0
ADDIE,0.0,1.0
ADELA,0.0,1.0
ADELAIDA,0.0,1.0
ADELAIDE,0.0,1.0
ADELE,0.0,1.0
ADELIA,0.0,1.0
ADELINA,0.0,1.0
ADELINE,0.0,1.0
ADELL,0.0,1.0
ADELLA,0.0,1.0
ADELLE,0.0,1.0
ADENA,0.0,1.0
ADINA,0.0,1.0
ADOLFO,1.0,0.0
ADOLPH,1.0,0.0
ADRIA,0.0,1.0
ADRIAN,0.8846153846153846,0.11538461538461538
ADRIANA,0.0,1.0
ADRIANE,0.0,1.0
ADRIANNA,0.0,1.0
ADRIANNE,0.0,1.0
ADRIEN,0.0,1.0
ADRIENE,0.0,1.0
ADRIENNE,0.0,1.0
AFTON,0.0,1.0
AGATHA,0.0,1.0
AGNES,0.0,1.0
AGNUS,0.0,1.0
AGRIPINA,0.0,1.0
AGUEDA,0.0,1.0
AGUSTIN,1.0,0.0
AGUSTINA,0.0,1.0
AHMAD,1.0,0.0
AHMED,1.0,0.0
AI,0.0,1.0
AIDA,0.0,1.0
AIDE,0.0,1.0
AIKO,0.0,1.0
AILEEN,0.0,1.0
AILENE,0.0,1.0
AIMEE,0.0,1.0
AISHA,0.0,1.0
AJA,0.0,1.0
AKIKO,0.0,1.0
AKILAH,0.0,1.0
AL,1.0,0.0
ALAINA,0.0,1.0
ALAINE,0.0,1.0
ALAN,1.0,0.0
ALANA,0.0,1.0
ALANE,0.0,1.0
ALANNA,0.0,1.0
ALAYNA,0.0,1.0
ALBA,0.0,1.0
ALBERT,0.9968253968253968,0.003174603174603175
ALBERTA,0.0,1.0
ALBERTHA,0.0,1.0
ALBERTINA,0.0,1.0
ALBERTINE,0.0,1.0
ALBERTO,1.0,0.0
ALBINA,0.0,1.0
ALDA,0.0,1.0
ALDEN,1.0,0.0
ALDO,1.0,0.0
ALEASE,0.0,1.0
ALEC,1.0,0.0
ALECIA,0.0,1.0
ALEEN,0.0,1.0
ALEIDA,0.0,1.0
ALEISHA,0.0,1.0
ALEJANDRA,0.0,1.0
ALEJANDRINA,0.0,1.0
ALEJANDRO,1.0,0.0
ALENA,0.0,1.0
ALENE,0.0,1.0
ALESHA,0.0,1.0
ALESHIA,0.0,1.0
ALESIA,0.0,1.0
ALESSANDRA,0.0,1.0
ALETA,0.0,1.0
ALETHA,0.0,1.0
ALETHEA,0.0,1.0
ALETHIA,0.0,1.0
ALEX,0.9829059829059829,0.017094017094017096
ALEXA,0.0,1.0
ALEXANDER,0.9850746268656716,0.01492537313432836
ALEXANDRA,0.0,1.0
ALEXANDRIA,0.0,1.0
ALEXIA,0.0,1.0
ALEXIS,0.26829268292682934,0.7317073170731707
ALFONSO,1.0,0.0
ALFONZO,1.0,0.0
ALFRED,1.0,0.0
ALFREDA,0.0,1.0
ALFREDIA,0.0,1.0
ALFREDO,1.0,0.0
ALI,0.8571428571428571,0.14285714285714285
ALIA,0.0,1.0
ALICA,0.0,1.0
ALICE,0.0,1.0
ALICIA,0.0,1.0
ALIDA,0.0,1.0
ALINA,0.0,1.0
ALINE,0.0,1.0
ALISA,0.0,1.0
ALISE,0.0,1.0
ALISHA,0.0,1.0
ALISHIA,0.0,1.0
ALISIA,0.0,1.0
ALISON,0.0,1.0
ALISSA,0.0,1.0
ALITA,0.0,1.0
ALIX,0.0,1.0
ALIZA,0.0,1.0
ALLA,0.0,1.0
ALLAN,1.0,0.0
ALLEEN,0.0,1.0
ALLEGRA,0.0,1.0
ALLEN,0.9886363636363636,0.011363636363636366
ALLENA,0.0,1.0
ALLENE,0.0,1.0
ALLIE,0.0,1.0
ALLINE,0.0,1.0
ALLISON,0.0,1.0
ALLYN,0.0,1.0
ALLYSON,0.0,1.0
ALMA,0.0,1.0
ALMEDA,0.0,1.0
ALMETA,0.0,1.0
ALONA,0.0,1.0
ALONSO,1.0,0.0
ALONZO,1.0,0.0
ALPHA,0.0,1.0
ALPHONSE,1.0,0.0
ALPHONSO,1.0,0.0
ALTA,0.0,1.0
ALTAGRACIA,0.0,1.0
ALTHA,0.0,1.0
ALTHEA,0.0,1.0
ALTON,1.0,0.0
ALVA,0.5384615384615384,0.46153846153846156
ALVARO,1.0,0.0
ALVERA,0.0,1.0
ALVERTA,0.0,1.0
ALVIN,1.0,0.0
ALVINA,0.0,1.0
ALYCE,0.0,1.0
ALYCIA,0.0,1.0
ALYSA,0.0,1.0
ALYSE,0.0,1.0
ALYSHA,0.0,1.0
ALYSIA,0.0,1.0
ALYSON,0.0,1.0
ALYSSA,0.0,1.0
AMADA,0.0,1.0
AMADO,1.0,0.0
AMAL,0.0,1.0
AMALIA,0.0,1.0
AMANDA,0.0,1.0
AMBER,0.0,1.0
AMBERLY,0.0,1.0
AMBROSE,1.0,0.0
AMEE,0.0,1.0
AMELIA,0.0,1.0
AMERICA,0.0,1.0
AMI,0.0,1.0
AMIE,0.0,1.0
AMIEE,0.0,1.0
AMINA,0.0,1.0
AMIRA,0.0,1.0
AMMIE,0.0,1.0
AMOS,1.0,0.0
AMPARO,0.0,1.0
AMY,0.0,1.0
AN,0.0,1.0
ANA,0.0,1.0
ANABEL,0.0,1.0
ANALISA,0.0,1.0
ANAMARIA,0.0,1.0
ANASTACIA,0.0,1.0
ANASTASIA,0.0,1.0
ANDERA,0.0,1.0
ANDERSON,1.0,0.0
ANDRA,0.0,1.0
ANDRE,0.9743589743589743,0.025641025641025644
ANDREA,0.024793388429752063,0.9752066115702479
ANDREAS,1.0,0.0
ANDREE,0.0,1.0
ANDRES,1.0,0.0
ANDREW,0.9962894248608534,0.0037105751391465673
ANDRIA,0.0,1.0
ANDY,1.0,0.0
ANETTE,0.0,1.0
ANGEL,0.7008547008547007,0.2991452991452992
ANGELA,0.0,1.0
ANGELE,0.0,1.0
ANGELENA,0.0,1.0
ANGELES,0.0,1.0
ANGELIA,0.0,1.0
ANGELIC,0.0,1.0
ANGELICA,0.0,1.0
ANGELIKA,0.0,1.0
ANGELINA,0.0,1.0
ANGELINE,0.0,1.0
ANGELIQUE,0.0,1.0
ANGELITA,0.0,1.0
ANGELLA,0.0,1.0
ANGELO,0.9512195121951219,0.04878048780487805
ANGELYN,0.0,1.0
ANGIE,0.0,1.0
ANGILA,0.0,1.0
ANGLA,0.0,1.0
ANGLE,0.0,1.0
ANGLEA,0.0,1.0
ANH,0.0,1.0
ANIBAL,1.0,0.0
ANIKA,0.0,1.0
ANISA,0.0,1.0
ANISHA,0.0,1.0
ANISSA,0.0,1.0
ANITA,0.0,1.0
ANITRA,0.0,1.0
ANJA,0.0,1.0
ANJANETTE,0.0,1.0
ANJELICA,0.0,1.0
ANN,0.0,1.0
ANNA,0.0,1.0
ANNABEL,0.0,1.0
ANNABELL,0.0,1.0
ANNABELLE,0.0,1.0
ANNALEE,0.0,1.0
ANNALISA,0.0,1.0
ANNAMAE,0.0,1.0
ANNAMARIA,0.0,1.0
ANNAMARIE,0.0,1.0
ANNE,0.0,1.0
ANNELIESE,0.0,1.0
ANNELLE,0.0,1.0
ANNEMARIE,0.0,1.0
ANNETT,0.0,1.0
ANNETTA,0.0,1.0
ANNETTE,0.0,1.0
ANNICE,0.0,1.0
ANNIE,0.0,1.0
ANNIKA,0.0,1.0
ANNIS,0.0,1.0
ANNITA,0.0,1.0
ANNMARIE,0.0,1.0
ANTHONY,0.9958563535911603,0.00414364640883978
ANTIONE,1.0,0.0
ANTIONETTE,0.0,1.0
ANTOINE,1.0,0.0
ANTOINETTE,0.0,1.0
ANTON,1.0,0.0
ANTONE,1.0,0.0
ANTONETTA,0.0,1.0
ANTONETTE,0.0,1.0
ANTONIA,0.10256410256410256,0.8974358974358975
ANTONIETTA,0.0,1.0
ANTONINA,0.0,1.0
ANTONIO,0.9895833333333333,0.010416666666666668
ANTONY,1.0,0.0
ANTWAN,1.0,0.0
ANYA,0.0,1.0
APOLONIA,0.0,1.0
APRIL,0.0,1.0
APRYL,0.0,1.0
ARA,0.0,1.0
ARACELI,0.0,1.0
ARACELIS,0.0,1.0
ARACELY,0.0,1.0
ARCELIA,0.0,1.0
ARCHIE,1.0,0.0
ARDATH,0.0,1.0
ARDELIA,0.0,1.0
ARDELL,0.0,1.0
ARDELLA,0.0,1.0
ARDELLE,0.0,1.0
ARDEN,1.0,0.0
ARDIS,0.0,1.0
ARDITH,0.0,1.0
ARETHA,0.0,1.0
ARGELIA,0.0,1.0
ARGENTINA,0.0,1.0
ARIANA,0.0,1.0
ARIANE,0.0,1.0
ARIANNA,0.0,1.0
ARIANNE,0.0,1.0
ARICA,0.0,1.0
ARIE,0.0,1.0
ARIEL,0.5,0.5
ARIELLE,0.0,1.0
ARLA,0.0,1.0
ARLEAN,0.0,1.0
ARLEEN,0.0,1.0
ARLEN,1.0,0.0
ARLENA,0.0,1.0
ARLENE,0.0,1.0
ARLETHA,0.0,1.0
ARLETTA,0.0,1.0
ARLETTE,0.0,1.0
ARLIE,1.0,0.0
ARLINDA,0.0,1.0
ARLINE,0.0,1.0
ARLYNE,0.0,1.0
ARMAND,1.0,0.0
ARMANDA,0.0,1.0
ARMANDINA,0.0,1.0
ARMANDO,1.0,0.0
ARMIDA,0.0,1.0
ARMINDA,0.0,1.0
ARNETTA,0.0,1.0
ARNETTE,0.0,1.0
ARNITA,0.0,1.0
ARNOLD,1.0,0.0
ARNOLDO,1.0,0.0
ARNULFO,1.0,0.0
ARON,1.0,0.0
ARRON,1.0,0.0
ART,1.0,0.0
ARTHUR,0.9940652818991098,0.005934718100890208
ARTIE,0.0,1.0
ARTURO,1.0,0.0
ARVILLA,0.0,1.0
ASA,1.0,0.0
ASHA,0.0,1.0
ASHANTI,0.0,1.0
ASHELY,0.0,1.0
ASHLEA,0.0,1.0
ASHLEE,0.0,1.0
ASHLEIGH,0.0,1.0
ASHLEY,0.04416403785488959,0.9558359621451105
ASHLI,0.0,1.0
ASHLIE,0.0,1.0
ASHLY,0.0,1.0
ASHLYN,0.0,1.0
ASHTON,0.0,1.0
ASIA,0.0,1.0
ASLEY,0.0,1.0
ASSUNTA,0.0,1.0
ASTRID,0.0,1.0
ASUNCION,0.0,1.0
ATHENA,0.0,1.0
AUBREY,0.7307692307692307,0.2692307692307692
AUDIE,0.0,1.0
AUDRA,0.0,1.0
AUDREA,0.0,1.0
AUDREY,0.0,1.0
AUDRIA,0.0,1.0
AUDRIE,0.0,1.0
AUDRY,0.0,1.0
AUGUST,1.0,0.0
AUGUSTA,0.0,1.0
AUGUSTINA,0.0,1.0
AUGUSTINE,0.7,0.30000000000000004
AUGUSTUS,1.0,0.0
AUNDREA,0.0,1.0
AURA,0.0,1.0
AUREA,0.0,1.0
AURELIA,0.0,1.0
AURELIO,1.0,0.0
AURORA,0.0,1.0
AURORE,0.0,1.0
AUSTIN,0.9777777777777777,0.02222222222222222
AUTUMN,0.0,1.0
AVA,0.0,1.0
AVELINA,0.0,1.0
AVERY,0.9166666666666667,0.08333333333333333
AVIS,0.0,1.0
AVRIL,0.0,1.0
AWILDA,0.0,1.0
AYAKO,0.0,1.0
AYANA,0.0,1.0
AYANNA,0.0,1.0
AYESHA,0.0,1.0
AZALEE,0.0,1.0
AZUCENA,0.0,1.0
AZZIE,0.0,1.0
BABARA,0.0,1.0
BABETTE,0.0,1.0
BAILEY,0.0,1.0
BAMBI,0.0,1.0
BAO,0.0,1.0
BARABARA,0.0,1.0
BARB,0.0,1.0
BARBAR,0.0,1.0
BARBARA,0.0,1.0
BARBERA,0.0,1.0
BARBIE,0.0,1.0
BARBRA,0.0,1.0
BARI,0.0,1.0
BARNEY,1.0,0.0
BARRETT,1.0,0.0
BARRIE,0.0,1.0
BARRY,1.0,0.0
BART,1.0,0.0
BARTON,1.0,0.0
BASIL,1.0,0.0
BASILIA,0.0,1.0
BEA,0.0,1.0
BEATA,0.0,1.0
BEATRICE,0.0,1.0
BEATRIS,0.0,1.0
BEATRIZ,0.0,1.0
BEAU,1.0,0.0
BEAULAH,0.0,1.0
BEBE,0.0,1.0
BECKI,0.0,1.0
BECKIE,0.0,1.0
BECKY,0.0,1.0
BEE,0.0,1.0
BELEN,0.0,1.0
BELIA,0.0,1.0
BELINDA,0.0,1.0
BELKIS,0.0,1.0
BELL,0.0,1.0
BELLA,0.0,1.0
BELLE,0.0,1.0
BELVA,0.0,1.0
BEN,1.0,0.0
BENEDICT,1.0,0.0
BENITA,0.0,1.0
BENITO,1.0,0.0
BENJAMIN,1.0,0.0
BENNETT,1.0,0.0
BENNIE,0.8205128205128205,0.17948717948717946
BENNY,1.0,0.0
BENTON,1.0,0.0
BERENICE,0.0,1.0
BERNA,0.0,1.0
BERNADETTE,0.0,1.0
BERNADINE,0.0,1.0
BERNARD,1.0,0.0
BERNARDA,0.0,1.0
BERNARDINA,0.0,1.0
BERNARDINE,0.0,1.0
BERNARDO,1.0,0.0
BERNEICE,0.0,1.0
BERNETTA,0.0,1.0
BERNICE,0.0,1.0
BERNIE,0.8,0.2
BERNIECE,0.0,1.0
BERNITA,0.0,1.0
BERRY,0.8571428571428571,0.14285714285714285
BERT,1.0,0.0
BERTA,0.0,1.0
BERTHA,0.0,1.0
BERTIE,0.0,1.0
BERTRAM,1.0,0.0
BERYL,0.0,1.0
BESS,0.0,1.0
BESSIE,0.0,1.0
BETH,0.0,1.0
BETHANIE,0.0,1.0
BETHANN,0.0,1.0
BETHANY,0.0,1.0
BETHEL,0.0,1.0
BETSEY,0.0,1.0
BETSY,0.0,1.0
BETTE,0.0,1.0
BETTIE,0.0,1.0
BETTINA,0.0,1.0
BETTY,0.0,1.0
BETTYANN,0.0,1.0
BETTYE,0.0,1.0
BEULA,0.0,1.0
BEULAH,0.0,1.0
BEV,0.0,1.0
BEVERLEE,0.0,1.0
BEVERLEY,0.0,1.0
BEVERLY,0.0,1.0
BIANCA,0.0,1.0
BIBI,0.0,1.0
BILL,1.0,0.0
BILLI,0.0,1.0
BILLIE,0.19767441860465115,0.8023255813953488
BILLY,0.9841269841269841,0.015873015873015872
BILLYE,0.0,1.0
BIRDIE,0.0,1.0
BIRGIT,0.0,1.0
BLAINE,1.0,0.0
BLAIR,0.6153846153846153,0.3846153846153846
BLAKE,0.9729729729729729,0.027027027027027025
BLANCA,0.0,1.0
BLANCH,0.0,1.0
BLANCHE,0.0,1.0
BLONDELL,0.0,1.0
BLOSSOM,0.0,1.0
BLYTHE,0.0,1.0
BO,1.0,0.0
BOB,1.0,0.0
BOBBI,0.0,1.0
BOBBIE,0.13333333333333333,0.8666666666666666
BOBBY,0.9653679653679653,0.03463203463203463
BOBBYE,0.0,1.0
BOBETTE,0.0,1.0
BOK,0.0,1.0
BONG,0.0,1.0
BONITA,0.0,1.0
BONNIE,0.0,1.0
BONNY,0.0,1.0
BOOKER,1.0,0.0
BORIS,1.0,0.0
BOYCE,1.0,0.0
BOYD,1.0,0.0
BRAD,1.0,0.0
BRADFORD,1.0,0.0
BRADLEY,1.0,0.0
BRADLY,1.0,0.0
BRADY,1.0,0.0
BRAIN,1.0,0.0
BRANDA,0.0,1.0
BRANDE,0.0,1.0
BRANDEE,0.0,1.0
BRANDEN,1.0,0.0
BRANDI,0.0,1.0
BRANDIE,0.0,1.0
BRANDON,0.9923664122137404,0.0076335877862595426
BRANDY,0.0,1.0
BRANT,1.0,0.0
BREANA,0.0,1.0
BREANN,0.0,1.0
BREANNA,0.0,1.0
BREANNE,0.0,1.0
BREE,0.0,1.0
BRENDA,0.0,1.0
BRENDAN,1.0,0.0
BRENDON,1.0,0.0
BRENNA,0.0,1.0
BRENT,1.0,0.0
BRENTON,1.0,0.0
BRET,1.0,0.0
BRETT,0.9879518072289156,0.01204819277108434
BRIAN,0.9986431478968792,0.00135685210312076
BRIANA,0.0,1.0
BRIANNA,0.0,1.0
BRIANNE,0.0,1.0
BRICE,1.0,0.0
BRIDGET,0.0,1.0
BRIDGETT,0.0,1.0
BRIDGETTE,0.0,1.0
BRIGETTE,0.0,1.0
BRIGID,0.0,1.0
BRIGIDA,0.0,1.0
BRIGITTE,0.0,1.0
BRINDA,0.0,1.0
BRITANY,0.0,1.0
BRITNEY,0.0,1.0
BRITNI,0.0,1.0
BRITT,0.5714285714285714,0.42857142857142855
BRITTA,0.0,1.0
BRITTANEY,0.0,1.0
BRITTANI,0.0,1.0
BRITTANIE,0.0,1.0
BRITTANY,0.0,1.0
BRITTENY,0.0,1.0
BRITTNEY,0.0,1.0
BRITTNI,0.0,1.0
BRITTNY,0.0,1.0
BROCK,1.0,0.0
BRODERICK,1.0,0.0
BRONWYN,0.0,1.0
BROOK,0.0,1.0
BROOKE,0.0,1.0
BROOKS,1.0,0.0
BRUCE,1.0,0.0
BRUNA,0.0,1.0
BRUNILDA,0.0,1.0
BRUNO,1.0,0.0
BRYAN,1.0,0.0
BRYANNA,0.0,1.0
BRYANT,1.0,0.0
BRYCE,1.0,0.0
BRYNN,0.0,1.0
BRYON,1.0,0.0
BUCK,1.0,0.0
BUD,1.0,0.0
BUDDY,1.0,0.0
BUENA,0.0,1.0
BUFFY,0.0,1.0
BUFORD,1.0,0.0
BULA,0.0,1.0
BULAH,0.0,1.0
BUNNY,0.0,1.0
BURL,1.0,0.0
BURMA,0.0,1.0
BURT,1.0,0.0
BURTON,1.0,0.0
BUSTER,1.0,0.0
BYRON,1.0,0.0
CAITLIN,0.0,1.0
CAITLYN,0.0,1.0
CALANDRA,0.0,1.0
CALEB,1.0,0.0
CALISTA,0.0,1.0
CALLIE,0.0,1.0
CALVIN,1.0,0.0
CAMELIA,0.0,1.0
CAMELLIA,0.0,1.0
CAMERON,0.9249999999999999,0.07499999999999998
CAMI,0.0,1.0
CAMIE,0.0,1.0
CAMILA,0.0,1.0
CAMILLA,0.0,1.0
CAMILLE,0.0,1.0
CAMMIE,0.0,1.0
CAMMY,0.0,1.0
CANDACE,0.0,1.0
CANDANCE,0.0,1.0
CANDELARIA,0.0,1.0
CANDI,0.0,1.0
CANDICE,0.0,1.0
CANDIDA,0.0,1.0
CANDIE,0.0,1.0
CANDIS,0.0,1.0
CANDRA,0.0,1.0
CANDY,0.0,1.0
CANDYCE,0.0,1.0
CAPRICE,0.0,1.0
CARA,0.0,1.0
CAREN,0.0,1.0
CAREY,0.5909090909090909,0.40909090909090906
CARI,0.0,1.0
CARIDAD,0.0,1.0
CARIE,0.0,1.0
CARIN,0.0,1.0
CARINA,0.0,1.0
CARISA,0.0,1.0
CARISSA,0.0,1.0
CARITA,0.0,1.0
CARL,0.9942528735632183,0.005747126436781609
CARLA,0.0,1.0
CARLEE,0.0,1.0
CARLEEN,0.0,1.0
CARLENA,0.0,1.0
CARLENE,0.0,1.0
CARLETTA,0.0,1.0
CARLEY,0.0,1.0
CARLI,0.0,1.0
CARLIE,0.0,1.0
CARLINE,0.0,1.0
CARLITA,0.0,1.0
CARLO,1.0,0.0
CARLOS,0.9956521739130435,0.004347826086956522
CARLOTA,0.0,1.0
CARLOTTA,0.0,1.0
CARLTON,1.0,0.0
CARLY,0.0,1.0
CARLYN,0.0,1.0
CARMA,0.0,1.0
CARMAN,0.0,1.0
CARMEL,0.0,1.0
CARMELA,0.0,1.0
CARMELIA,0.0,1.0
CARMELINA,0.0,1.0
CARMELITA,0.0,1.0
CARMELLA,0.0,1.0
CARMELO,1.0,0.0
CARMEN,0.05339805825242719,0.9466019417475728
CARMINA,0.0,1.0
CARMINE,1.0,0.0
CARMON,0.0,1.0
CAROL,0.010507880910683012,0.989492119089317
CAROLA,0.0,1.0
CAROLANN,0.0,1.0
CAROLE,0.0,1.0
CAROLEE,0.0,1.0
CAROLIN,0.0,1.0
CAROLINA,0.0,1.0
CAROLINE,0.0,1.0
CAROLL,0.0,1.0
CAROLYN,0.0,1.0
CAROLYNE,0.0,1.0
CAROLYNN,0.0,1.0
CARON,0.0,1.0
CAROYLN,0.0,1.0
CARRI,0.0,1.0
CARRIE,0.0,1.0
CARROL,0.4444444444444445,0.5555555555555556
CARROLL,0.8125,0.1875
CARRY,0.0,1.0
CARSON,1.0,0.0
CARTER,1.0,0.0
CARY,0.8260869565217391,0.1739130434782609
CARYL,0.0,1.0
CARYLON,0.0,1.0
CARYN,0.0,1.0
CASANDRA,0.0,1.0
CASEY,0.6506024096385543,0.34939759036144574
CASIE,0.0,1.0
CASIMIRA,0.0,1.0
CASSANDRA,0.0,1.0
CASSAUNDRA,0.0,1.0
CASSEY,0.0,1.0
CASSI,0.0,1.0
CASSIDY,0.0,1.0
CASSIE,0.0,1.0
CASSONDRA,0.0,1.0
CASSY,0.0,1.0
CATALINA,0.0,1.0
CATARINA,0.0,1.0
CATERINA,0.0,1.0
CATHARINE,0.0,1.0
CATHERIN,0.0,1.0
CATHERINA,0.0,1.0
CATHERINE,0.0,1.0
CATHERN,0.0,1.0
CATHERYN,0.0,1.0
CATHEY,0.0,1.0
CATHI,0.0,1.0
CATHIE,0.0,1.0
CATHLEEN,0.0,1.0
CATHRINE,0.0,1.0
CATHRYN,0.0,1.0
CATHY,0.0,1.0
CATINA,0.0,1.0
CATRICE,0.0,1.0
CATRINA,0.0,1.0
CAYLA,0.0,1.0
CECELIA,0.0,1.0
CECIL,0.9397590361445783,0.060240963855421686
CECILA,0.0,1.0
CECILE,0.0,1.0
CECILIA,0.0,1.0
CECILLE,0.0,1.0
CECILY,0.0,1.0
CEDRIC,1.0,0.0
CEDRICK,1.0,0.0
CELENA,0.0,1.0
CELESTA,0.0,1.0
CELESTE,0.0,1.0
CELESTINA,0.0,1.0
CELESTINE,0.0,1.0
CELIA,0.0,1.0
CELINA,0.0,1.0
CELINDA,0.0,1.0
CELINE,0.0,1.0
CELSA,0.0,1.0
CEOLA,0.0,1.0
CESAR,1.0,0.0
CHAD,1.0,0.0
CHADWICK,1.0,0.0
CHAE,0.0,1.0
CHAN,0.0,1.0
CHANA,0.0,1.0
CHANCE,1.0,0.0
CHANDA,0.0,1.0
CHANDRA,0.0,1.0
CHANEL,0.0,1.0
CHANELL,0.0,1.0
CHANELLE,0.0,1.0
CHANG,0.8333333333333334,0.16666666666666669
CHANTAL,0.0,1.0
CHANTAY,0.0,1.0
CHANTE,0.0,1.0
CHANTEL,0.0,1.0
CHANTELL,0.0,1.0
CHANTELLE,0.0,1.0
CHARA,0.0,1.0
CHARIS,0.0,1.0
CHARISE,0.0,1.0
CHARISSA,0.0,1.0
CHARISSE,0.0,1.0
CHARITA,0.0,1.0
CHARITY,0.0,1.0
CHARLA,0.0,1.0
CHARLEEN,0.0,1.0
CHARLENA,0.0,1.0
CHARLENE,0.0,1.0
CHARLES,0.9960758665794638,0.003924133420536298
CHARLESETTA,0.0,1.0
CHARLETTE,0.0,1.0
CHARLEY,1.0,0.0
CHARLIE,0.9375,0.0625
CHARLINE,0.0,1.0
CHARLOTT,0.0,1.0
CHARLOTTE,0.0,1.0
CHARLSIE,0.0,1.0
CHARLYN,0.0,1.0
CHARMAIN,0.0,1.0
CHARMAINE,0.0,1.0
CHAROLETTE,0.0,1.0
CHAS,1.0,0.0
CHASE,1.0,0.0
CHASIDY,0.0,1.0
CHASITY,0.0,1.0
CHASSIDY,0.0,1.0
CHASTITY,0.0,1.0
CHAU,0.0,1.0
CHAUNCEY,1.0,0.0
CHAYA,0.0,1.0
CHELSEA,0.0,1.0
CHELSEY,0.0,1.0
CHELSIE,0.0,1.0
CHER,0.0,1.0
CHERE,0.0,1.0
CHEREE,0.0,1.0
CHERELLE,0.0,1.0
CHERI,0.0,1.0
CHERIE,0.0,1.0
CHERILYN,0.0,1.0
CHERISE,0.0,1.0
CHERISH,0.0,1.0
CHERLY,0.0,1.0
CHERLYN,0.0,1.0
CHERRI,0.0,1.0
CHERRIE,0.0,1.0
CHERRY,0.0,1.0
CHERRYL,0.0,1.0
CHERY,0.0,1.0
CHERYL,0.0,1.0
CHERYLE,0.0,1.0
CHERYLL,0.0,1.0
CHESTER,1.0,0.0
CHET,1.0,0.0
CHEYENNE,0.0,1.0
CHI,0.7142857142857142,0.2857142857142857
CHIA,0.0,1.0
CHIEKO,0.0,1.0
CHIN,0.0,1.0
CHINA,0.0,1.0
CHING,0.0,1.0
CHIQUITA,0.0,1.0
CHLOE,0.0,1.0
CHONG,0.3636363636363637,0.6363636363636364
CHRIS,0.8914027149321266,0.10859728506787329
CHRISSY,0.0,1.0
CHRISTA,0.0,1.0
CHRISTAL,0.0,1.0
CHRISTEEN,0.0,1.0
CHRISTEL,0.0,1.0
CHRISTEN,0.0,1.0
CHRISTENA,0.0,1.0
CHRISTENE,0.0,1.0
CHRISTI,0.0,1.0
CHRISTIA,0.0,1.0
CHRISTIAN,0.8666666666666666,0.13333333333333333
CHRISTIANA,0.0,1.0
CHRISTIANE,0.0,1.0
CHRISTIE,0.0,1.0
CHRISTIN,0.0,1.0
CHRISTINA,0.0,1.0
CHRISTINE,0.0,1.0
CHRISTINIA,0.0,1.0
CHRISTOPER,1.0,0.0
CHRISTOPHER,0.9971098265895953,0.002890173410404624
CHRISTY,0.0,1.0
CHRYSTAL,0.0,1.0
CHU,0.0,1.0
CHUCK,1.0,0.0
CHUN,0.0,1.0
CHUNG,0.7142857142857142,0.2857142857142857
CIARA,0.0,1.0
CICELY,0.0,1.0
CIERA,0.0,1.0
CIERRA,0.0,1.0
CINDA,0.0,1.0
CINDERELLA,0.0,1.0
CINDI,0.0,1.0
CINDIE,0.0,1.0
CINDY,0.0,1.0
CINTHIA,0.0,1.0
CIRA,0.0,1.0
CLAIR,0.7272727272727273,0.2727272727272727
CLAIRE,0.0,1.0
CLARA,0.0,1.0
CLARE,0.0,1.0
CLARENCE,0.9949494949494949,0.005050505050505051
CLARETHA,0.0,1.0
CLARETTA,0.0,1.0
CLARIBEL,0.0,1.0
CLARICE,0.0,1.0
CLARINDA,0.0,1.0
CLARINE,0.0,1.0
CLARIS,0.0,1.0
CLARISA,0.0,1.0
CLARISSA,0.0,1.0
CLARITA,0.0,1.0
CLARK,1.0,0.0
CLASSIE,0.0,1.0
CLAUD,1.0,0.0
CLAUDE,0.9855072463768115,0.014492753623188406
CLAUDETTE,0.0,1.0
CLAUDIA,0.0,1.0
CLAUDIE,0.0,1.0
CLAUDINE,0.0,1.0
CLAUDIO,1.0,0.0
CLAY,1.0,0.0
CLAYTON,1.0,0.0
CLELIA,0.0,1.0
CLEMENCIA,0.0,1.0
CLEMENT,1.0,0.0
CLEMENTE,1.0,0.0
CLEMENTINA,0.0,1.0
CLEMENTINE,0.0,1.0
CLEMMIE,0.0,1.0
CLEO,0.3,0.7
CLEOPATRA,0.0,1.0
CLEORA,0.0,1.0
CLEOTILDE,0.0,1.0
CLETA,0.0,1.0
CLETUS,1.0,0.0
CLEVELAND,1.0,0.0
CLIFF,1.0,0.0
CLIFFORD,1.0,0.0
CLIFTON,1.0,0.0
CLINT,1.0,0.0
CLINTON,1.0,0.0
CLORA,0.0,1.0
CLORINDA,0.0,1.0
CLOTILDE,0.0,1.0
CLYDE,0.9693877551020409,0.030612244897959186
CODI,0.0,1.0
CODY,0.9692307692307691,0.030769230769230767
COLBY,0.9,0.1
COLE,1.0,0.0
COLEEN,0.0,1.0
COLEMAN,1.0,0.0
COLENE,0.0,1.0
COLETTA,0.0,1.0
COLETTE,0.0,1.0
COLIN,1.0,0.0
COLLEEN,0.0,1.0
COLLEN,0.0,1.0
COLLENE,0.0,1.0
COLLETTE,0.0,1.0
COLLIN,1.0,0.0
COLTON,1.0,0.0
COLUMBUS,1.0,0.0
CONCEPCION,0.0,1.0
CONCEPTION,0.0,1.0
CONCETTA,0.0,1.0
CONCHA,0.0,1.0
CONCHITA,0.0,1.0
CONNIE,0.024390243902439025,0.975609756097561
CONRAD,1.0,0.0
CONSTANCE,0.0,1.0
CONSUELA,0.0,1.0
CONSUELO,0.0,1.0
CONTESSA,0.0,1.0
CORA,0.0,1.0
CORAL,0.0,1.0
CORALEE,0.0,1.0
CORALIE,0.0,1.0
CORAZON,0.0,1.0
CORDELIA,0.0,1.0
CORDELL,1.0,0.0
CORDIA,0.0,1.0
CORDIE,0.0,1.0
COREEN,0.0,1.0
CORENE,0.0,1.0
CORETTA,0.0,1.0
COREY,0.9514563106796118,0.048543689320388356
CORI,0.0,1.0
CORIE,0.0,1.0
CORINA,0.0,1.0
CORINE,0.0,1.0
CORINNA,0.0,1.0
CORINNE,0.0,1.0
CORLISS,0.0,1.0
CORNELIA,0.0,1.0
CORNELIUS,1.0,0.0
CORNELL,1.0,0.0
CORRIE,0.0,1.0
CORRIN,0.0,1.0
CORRINA,0.0,1.0
CORRINE,0.0,1.0
CORRINNE,0.0,1.0
CORTEZ,1.0,0.0
CORTNEY,0.0,1.0
CORY,0.9444444444444444,0.05555555555555556
COURTNEY,0.18095238095238095,0.819047619047619
COY,1.0,0.0
CRAIG,1.0,0.0
CREOLA,0.0,1.0
CRIS,0.0,1.0
CRISELDA,0.0,1.0
CRISSY,0.0,1.0
CRISTA,0.0,1.0
CRISTAL,0.0,1.0
CRISTEN,0.0,1.0
CRISTI,0.0,1.0
CRISTIE,0.0,1.0
CRISTIN,0.0,1.0
CRISTINA,0.0,1.0
CRISTINE,0.0,1.0
CRISTOBAL,1.0,0.0
CRISTOPHER,1.0,0.0
CRISTY,0.0,1.0
CRUZ,0.6,0.39999999999999997
CRYSTA,0.0,1.0
CRYSTAL,0.0,1.0
CRYSTLE,0.0,1.0
CUC,0.0,1.0
CURT,1.0,0.0
CURTIS,0.994475138121547,0.005524861878453039
CYNDI,0.0,1.0
CYNDY,0.0,1.0
CYNTHIA,0.0,1.0
CYRIL,1.0,0.0
CYRSTAL,0.0,1.0
CYRUS,1.0,0.0
CYTHIA,0.0,1.0
DACIA,0.0,1.0
DAGMAR,0.0,1.0
DAGNY,0.0,1.0
DAHLIA,0.0,1.0
DAINA,0.0,1.0
DAINE,0.0,1.0
DAISEY,0.0,1.0
DAISY,0.0,1.0
DAKOTA,0.0,1.0
DALE,0.92,0.08
DALENE,0.0,1.0
DALIA,0.0,1.0
DALILA,0.0,1.0
DALLAS,0.923076923076923,0.07692307692307691
DALTON,1.0,0.0
DAMARIS,0.0,1.0
DAMIAN,1.0,0.0
DAMIEN,1.0,0.0
DAMION,1.0,0.0
DAMON,1.0,0.0
DAN,0.9901960784313725,0.009803921568627453
DANA,0.25609756097560976,0.7439024390243902
DANAE,0.0,1.0
DANE,1.0,0.0
DANELLE,0.0,1.0
DANETTE,0.0,1.0
DANI,0.0,1.0
DANIA,0.0,1.0
DANIAL,1.0,0.0
DANICA,0.0,1.0
DANIEL,0.9948927477017365,0.005107252298263534
DANIELA,0.0,1.0
DANIELE,0.0,1.0
DANIELL,0.0,1.0
DANIELLA,0.0,1.0
DANIELLE,0.0,1.0
DANIKA,0.0,1.0
DANILLE,0.0,1.0
DANILO,1.0,0.0
DANITA,0.0,1.0
DANN,0.0,1.0
DANNA,0.0,1.0
DANNETTE,0.0,1.0
DANNIE,0.8333333333333334,0.16666666666666669
DANNIELLE,0.0,1.0
DANNY,1.0,0.0
DANTE,1.0,0.0
DANUTA,0.0,1.0
DANYEL,0.0,1.0
DANYELL,0.0,1.0
DANYELLE,0.0,1.0
DAPHINE,0.0,1.0
DAPHNE,0.0,1.0
DARA,0.0,1.0
DARBY,0.0,1.0
DARCEL,0.0,1.0
DARCEY,0.0,1.0
DARCI,0.0,1.0
DARCIE,0.0,1.0
DARCY,0.0,1.0
DARELL,1.0,0.0
DAREN,1.0,0.0
DARIA,0.0,1.0
DARIN,1.0,0.0
DARIO,1.0,0.0
DARIUS,1.0,0.0
DARLA,0.0,1.0
DARLEEN,0.0,1.0
DARLENA,0.0,1.0
DARLENE,0.0,1.0
DARLINE,0.0,1.0
DARNELL,0.9090909090909091,0.09090909090909091
DARON,1.0,0.0
DARREL,1.0,0.0
DARRELL,1.0,0.0
DARREN,1.0,0.0
DARRICK,1.0,0.0
DARRIN,1.0,0.0
DARRON,1.0,0.0
DARRYL,1.0,0.0
DARWIN,1.0,0.0
DARYL,0.9615384615384615,0.03846153846153846
DAVE,1.0,0.0
DAVID,0.9974672857745884,0.0025327142254115663
DAVIDA,0.0,1.0
DAVINA,0.0,1.0
DAVIS,1.0,0.0
DAWN,0.0,1.0
DAWNA,0.0,1.0
DAWNE,0.0,1.0
DAYLE,0.0,1.0
DAYNA,0.0,1.0
DAYSI,0.0,1.0
DEADRA,0.0,1.0
DEAN,0.9719626168224298,0.02803738317757009
DEANA,0.0,1.0
DEANDRA,0.0,1.0
DEANDRE,1.0,0.0
DEANDREA,0.0,1.0
DEANE,0.0,1.0
DEANGELO,1.0,0.0
DEANN,0.0,1.0
DEANNA,0.0,1.0
DEANNE,0.0,1.0
DEB,0.0,1.0
DEBBI,0.0,1.0
DEBBIE,0.0,1.0
DEBBRA,0.0,1.0
DEBBY,0.0,1.0
DEBERA,0.0,1.0
DEBI,0.0,1.0
DEBORA,0.0,1.0
DEBORAH,0.0,1.0
DEBRA,0.0,1.0
DEBRAH,0.0,1.0
DEBROAH,0.0,1.0
DEDE,0.0,1.0
DEDRA,0.0,1.0
DEE,0.2380952380952381,0.761904761904762
DEEANN,0.0,1.0
DEEANNA,0.0,1.0
DEEDEE,0.0,1.0
DEEDRA,0.0,1.0
DEENA,0.0,1.0
DEETTA,0.0,1.0
DEIDRA,0.0,1.0
DEIDRE,0.0,1.0
DEIRDRE,0.0,1.0
DEJA,0.0,1.0
DEL,1.0,0.0
DELAINE,0.0,1.0
DELANA,0.0,1.0
DELBERT,1.0,0.0
DELCIE,0.0,1.0
DELENA,0.0,1.0
DELFINA,0.0,1.0
DELIA,0.0,1.0
DELICIA,0.0,1.0
DELILA,0.0,1.0
DELILAH,0.0,1.0
DELINDA,0.0,1.0
DELISA,0.0,1.0
DELL,0.0,1.0
DELLA,0.0,1.0
DELMA,0.0,1.0
DELMAR,1.0,0.0
DELMER,1.0,0.0
DELMY,0.0,1.0
DELOIS,0.0,1.0
DELOISE,0.0,1.0
DELORA,0.0,1.0
DELORAS,0.0,1.0
DELORES,0.0,1.0
DELORIS,0.0,1.0
DELORSE,0.0,1.0
DELPHA,0.0,1.0
DELPHIA,0.0,1.0
DELPHINE,0.0,1.0
DELSIE,0.0,1.0
DELTA,0.0,1.0
DEMARCUS,1.0,0.0
DEMETRA,0.0,1.0
DEMETRIA,0.0,1.0
DEMETRICE,0.0,1.0
DEMETRIUS,0.9444444444444444,0.05555555555555556
DENA,0.0,1.0
DENAE,0.0,1.0
DENEEN,0.0,1.0
DENESE,0.0,1.0
DENICE,0.0,1.0
DENIS,1.0,0.0
DENISE,0.0,1.0
DENISHA,0.0,1.0
DENISSE,0.0,1.0
DENITA,0.0,1.0
DENNA,0.0,1.0
DENNIS,0.9952038369304557,0.004796163069544365
DENNISE,0.0,1.0
DENNY,0.9090909090909091,0.09090909090909091
DENVER,1.0,0.0
DENYSE,0.0,1.0
DEON,0.8571428571428571,0.14285714285714285
DEONNA,0.0,1.0
DEREK,1.0,0.0
DERICK,1.0,0.0
DERRICK,1.0,0.0
DESHAWN,1.0,0.0
DESIRAE,0.0,1.0
DESIRE,0.0,1.0
DESIREE,0.0,1.0
DESMOND,1.0,0.0
DESPINA,0.0,1.0
DESSIE,0.0,1.0
DESTINY,0.0,1.0
DETRA,0.0,1.0
DEVIN,0.875,0.12500000000000003
DEVON,0.6666666666666666,0.3333333333333333
DEVONA,0.0,1.0
DEVORA,0.0,1.0
DEVORAH,0.0,1.0
DEWAYNE,1.0,0.0
DEWEY,1.0,0.0
DEWITT,1.0,0.0
DEXTER,1.0,0.0
DIA,0.0,1.0
DIAMOND,0.0,1.0
DIAN,0.0,1.0
DIANA,0.0,1.0
DIANE,0.0,1.0
DIANN,0.0,1.0
DIANNA,0.0,1.0
DIANNE,0.0,1.0
DICK,1.0,0.0
DIEDRA,0.0,1.0
DIEDRE,0.0,1.0
DIEGO,1.0,0.0
DIERDRE,0.0,1.0
DIGNA,0.0,1.0
DILLON,1.0,0.0
DIMPLE,0.0,1.0
DINA,0.0,1.0
DINAH,0.0,1.0
DINO,1.0,0.0
DINORAH,0.0,1.0
DION,0.9090909090909091,0.09090909090909091
DIONE,0.0,1.0
DIONNA,0.0,1.0
DIONNE,0.0,1.0
DIRK,1.0,0.0
DIVINA,0.0,1.0
DIXIE,0.0,1.0
DODIE,0.0,1.0
DOLLIE,0.0,1.0
DOLLY,0.0,1.0
DOLORES,0.0,1.0
DOLORIS,0.0,1.0
DOMENIC,1.0,0.0
DOMENICA,0.0,1.0
DOMINGA,0.0,1.0
DOMINGO,1.0,0.0
DOMINIC,1.0,0.0
DOMINICA,0.0,1.0
DOMINICK,1.0,0.0
DOMINIQUE,0.3333333333333333,0.6666666666666666
DOMINQUE,0.0,1.0
DOMITILA,0.0,1.0
DOMONIQUE,0.0,1.0
DON,1.0,0.0
DONA,0.0,1.0
DONALD,0.9978563772775992,0.0021436227224008583
DONELLA,0.0,1.0
DONETTA,0.0,1.0
DONETTE,0.0,1.0
DONG,0.8,0.2
DONITA,0.0,1.0
DONN,1.0,0.0
DONNA,0.0,1.0
DONNELL,1.0,0.0
DONNETTA,0.0,1.0
DONNETTE,0.0,1.0
DONNIE,0.8913043478260869,0.10869565217391305
DONNY,1.0,0.0
DONOVAN,1.0,0.0
DONTE,1.0,0.0
DONYA,0.0,1.0
DORA,0.0,1.0
DORATHY,0.0,1.0
DORCAS,0.0,1.0
DOREATHA,0.0,1.0
DOREEN,0.0,1.0
DORENE,0.0,1.0
DORETHA,0.0,1.0
DORETHEA,0.0,1.0
DORETTA,0.0,1.0
DORI,0.0,1.0
DORIA,0.0,1.0
DORIAN,0.75,0.25
DORIE,0.0,1.0
DORINDA,0.0,1.0
DORINE,0.0,1.0
DORIS,0.0,1.0
DORLA,0.0,1.0
DOROTHA,0.0,1.0
DOROTHEA,0.0,1.0
DOROTHY,0.0,1.0
DORRIS,0.0,1.0
DORSEY,1.0,0.0
DORTHA,0.0,1.0
DORTHEA,0.0,1.0
DORTHEY,0.0,1.0
DORTHY,0.0,1.0
DOT,0.0,1.0
DOTTIE,0.0,1.0
DOTTY,0.0,1.0
DOUG,1.0,0.0
DOUGLAS,1.0,0.0
DOUGLASS,1.0,0.0
DOVIE,0.0,1.0
DOYLE,1.0,0.0
DREAMA,0.0,1.0
DREMA,0.0,1.0
DREW,0.96,0.04
DRUCILLA,0.0,1.0
DRUSILLA,0.0,1.0
DUANE,1.0,0.0
DUDLEY,1.0,0.0
DULCE,0.0,1.0
DULCIE,0.0,1.0
DUNCAN,1.0,0.0
DUNG,0.0,1.0
DUSTI,0.0,1.0
DUSTIN,1.0,0.0
DUSTY,0.7,0.30000000000000004
DWAIN,1.0,0.0
DWANA,0.0,1.0
DWAYNE,1.0,0.0
DWIGHT,1.0,0.0
DYAN,0.0,1.0
DYLAN,1.0,0.0
EARL,1.0,0.0
EARLE,1.0,0.0
EARLEAN,0.0,1.0
EARLEEN,0.0,1.0
EARLENE,0.0,1.0
EARLIE,0.0,1.0
EARLINE,0.0,1.0
EARNEST,1.0,0.0
EARNESTINE,0.0,1.0
EARTHA,0.0,1.0
EASTER,0.0,1.0
EBONI,0.0,1.0
EBONIE,0.0,1.0
EBONY,0.0,1.0
ECHO,0.0,1.0
ED,1.0,0.0
EDA,0.0,1.0
EDDA,0.0,1.0
EDDIE,0.9290322580645161,0.07096774193548387
EDDY,1.0,0.0
EDELMIRA,0.0,1.0
EDEN,0.0,1.0
EDGAR,1.0,0.0
EDGARDO,1.0,0.0
EDIE,0.0,1.0
EDISON,1.0,0.0
EDITH,0.0,1.0
EDMOND,1.0,0.0
EDMUND,1.0,0.0
EDMUNDO,1.0,0.0
EDNA,0.0,1.0
EDRA,0.0,1.0
EDRIS,0.0,1.0
EDUARDO,1.0,0.0
EDWARD,0.997439180537772,0.0025608194622279133
EDWARDO,1.0,0.0
EDWIN,1.0,0.0
EDWINA,0.0,1.0
EDYTH,0.0,1.0
EDYTHE,0.0,1.0
EFFIE,0.0,1.0
EFRAIN,1.0,0.0
EFREN,1.0,0.0
EHTEL,0.0,1.0
EILEEN,0.0,1.0
EILENE,0.0,1.0
ELA,0.0,1.0
ELADIA,0.0,1.0
ELAINA,0.0,1.0
ELAINE,0.0,1.0
ELANA,0.0,1.0
ELANE,0.0,1.0
ELANOR,0.0,1.0
ELAYNE,0.0,1.0
ELBA,0.0,1.0
ELBERT,1.0,0.0
ELDA,0.0,1.0
ELDEN,1.0,0.0
ELDON,1.0,0.0
ELDORA,0.0,1.0
ELDRIDGE,1.0,0.0
ELEANOR,0.0,1.0
ELEANORA,0.0,1.0
ELEANORE,0.0,1.0
ELEASE,0.0,1.0
ELENA,0.0,1.0
ELENE,0.0,1.0
ELENI,0.0,1.0
ELENOR,0.0,1.0
ELENORA,0.0,1.0
ELENORE,0.0,1.0
ELEONOR,0.0,1.0
ELEONORA,0.0,1.0
ELEONORE,0.0,1.0
ELFREDA,0.0,1.0
ELFRIEDA,0.0,1.0
ELFRIEDE,0.0,1.0
ELI,1.0,0.0
ELIA,0.0,1.0
ELIANA,0.0,1.0
ELIAS,1.0,0.0
ELICIA,0.0,1.0
ELIDA,0.0,1.0
ELIDIA,0.0,1.0
ELIJAH,1.0,0.0
ELIN,0.0,1.0
ELINA,0.0,1.0
ELINOR,0.0,1.0
ELINORE,0.0,1.0
ELISA,0.0,1.0
ELISABETH,0.0,1.0
ELISE,0.0,1.0
ELISEO,1.0,0.0
ELISHA,0.3333333333333333,0.6666666666666666
ELISSA,0.0,1.0
ELIZ,0.0,1.0
ELIZA,0.0,1.0
ELIZABET,0.0,1.0
ELIZABETH,0.0,1.0
ELIZBETH,0.0,1.0
ELIZEBETH,0.0,1.0
ELKE,0.0,1.0
ELLA,0.0,1.0
ELLAMAE,0.0,1.0
ELLAN,0.0,1.0
ELLEN,0.0,1.0
ELLENA,0.0,1.0
ELLI,0.0,1.0
ELLIE,0.0,1.0
ELLIOT,1.0,0.0
ELLIOTT,1.0,0.0
ELLIS,0.96,0.04
ELLSWORTH,1.0,0.0
ELLY,0.0,1.0
ELLYN,0.0,1.0
ELMA,0.0,1.0
ELMER,0.9866666666666666,0.013333333333333332
ELMIRA,0.0,1.0
ELMO,1.0,0.0
ELNA,0.0,1.0
ELNORA,0.0,1.0
ELODIA,0.0,1.0
ELOIS,0.0,1.0
ELOISA,0.0,1.0
ELOISE,0.0,1.0
ELOUISE,0.0,1.0
ELOY,1.0,0.0
ELROY,1.0,0.0
ELSA,0.0,1.0
ELSE,0.0,1.0
ELSIE,0.0,1.0
ELSY,0.0,1.0
ELTON,1.0,0.0
ELVA,0.0,1.0
ELVERA,0.0,1.0
ELVIA,0.0,1.0
ELVIE,0.0,1.0
ELVIN,1.0,0.0
ELVINA,0.0,1.0
ELVIRA,0.0,1.0
ELVIS,1.0,0.0
ELWANDA,0.0,1.0
ELWOOD,1.0,0.0
ELYSE,0.0,1.0
ELZA,0.0,1.0
EMA,0.0,1.0
EMANUEL,1.0,0.0
EMELDA,0.0,1.0
EMELIA,0.0,1.0
EMELINA,0.0,1.0
EMELINE,0.0,1.0
EMELY,0.0,1.0
EMERALD,0.0,1.0
EMERITA,0.0,1.0
EMERSON,1.0,0.0
EMERY,1.0,0.0
EMIKO,0.0,1.0
EMIL,1.0,0.0
EMILE,1.0,0.0
EMILEE,0.0,1.0
EMILIA,0.0,1.0
EMILIE,0.0,1.0
EMILIO,1.0,0.0
EMILY,0.0,1.0
EMMA,0.0,1.0
EMMALINE,0.0,1.0
EMMANUEL,1.0,0.0
EMMETT,1.0,0.0
EMMIE,0.0,1.0
EMMITT,1.0,0.0
EMMY,0.0,1.0
EMOGENE,0.0,1.0
EMORY,1.0,0.0
ENA,0.0,1.0
ENDA,0.0,1.0
ENEDINA,0.0,1.0
ENEIDA,0.0,1.0
ENID,0.0,1.0
ENOCH,1.0,0.0
ENOLA,0.0,1.0
ENRIQUE,1.0,0.0
ENRIQUETA,0.0,1.0
EPIFANIA,0.0,1.0
ERA,0.0,1.0
ERASMO,1.0,0.0
ERIC,0.9963369963369964,0.003663003663003663
ERICA,0.0,1.0
ERICH,1.0,0.0
ERICK,1.0,0.0
ERICKA,0.0,1.0
ERIK,1.0,0.0
ERIKA,0.0,1.0
ERIN,0.0472972972972973,0.9527027027027027
ERINN,0.0,1.0
ERLENE,0.0,1.0
ERLINDA,0.0,1.0
ERLINE,0.0,1.0
ERMA,0.0,1.0
ERMELINDA,0.0,1.0
ERMINIA,0.0,1.0
ERNA,0.0,1.0
ERNEST,1.0,0.0
ERNESTINA,0.0,1.0
ERNESTINE,0.0,1.0
ERNESTO,1.0,0.0
ERNIE,1.0,0.0
ERROL,1.0,0.0
ERVIN,1.0,0.0
ERWIN,1.0,0.0
ERYN,0.0,1.0
ESMERALDA,0.0,1.0
ESPERANZA,0.0,1.0
ESSIE,0.0,1.0
ESTA,0.0,1.0
ESTEBAN,1.0,0.0
ESTEFANA,0.0,1.0
ESTELA,0.0,1.0
ESTELL,0.0,1.0
ESTELLA,0.0,1.0
ESTELLE,0.0,1.0
ESTER,0.0,1.0
ESTHER,0.0,1.0
ESTRELLA,0.0,1.0
ETHA,0.0,1.0
ETHAN,1.0,0.0
ETHEL,0.0,1.0
ETHELENE,0.0,1.0
ETHELYN,0.0,1.0
ETHYL,0.0,1.0
ETSUKO,0.0,1.0
ETTA,0.0,1.0
ETTIE,0.0,1.0
EUFEMIA,0.0,1.0
EUGENA,0.0,1.0
EUGENE,0.9913793103448275,0.008620689655172414
EUGENIA,0.0,1.0
EUGENIE,0.0,1.0
EUGENIO,1.0,0.0
EULA,0.0,1.0
EULAH,0.0,1.0
EULALIA,0.0,1.0
EUN,0.0,1.0
EUNA,0.0,1.0
EUNICE,0.0,1.0
EURA,0.0,1.0
EUSEBIA,0.0,1.0
EUSEBIO,1.0,0.0
EUSTOLIA,0.0,1.0
EVA,0.0,1.0
EVALYN,0.0,1.0
EVAN,0.9545454545454546,0.045454545454545456
EVANGELINA,0.0,1.0
EVANGELINE,0.0,1.0
EVE,0.0,1.0
EVELIA,0.0,1.0
EVELIN,0.0,1.0
EVELINA,0.0,1.0
EVELINE,0.0,1.0
EVELYN,0.0,1.0
EVELYNE,0.0,1.0
EVELYNN,0.0,1.0
EVERETT,1.0,0.0
EVERETTE,1.0,0.0
EVETTE,0.0,1.0
EVIA,0.0,1.0
EVIE,0.0,1.0
EVITA,0.0,1.0
EVON,0.0,1.0
EVONNE,0.0,1.0
EWA,0.0,1.0
EXIE,0.0,1.0
EZEKIEL,1.0,0.0
EZEQUIEL,1.0,0.0
EZRA,1.0,0.0
FABIAN,1.0,0.0
FABIOLA,0.0,1.0
FAE,0.0,1.0
FAIRY,0.0,1.0
FAITH,0.0,1.0
FALLON,0.0,1.0
FANNIE,0.0,1.0
FANNY,0.0,1.0
FARAH,0.0,1.0
FARRAH,0.0,1.0
FATIMA,0.0,1.0
FATIMAH,0.0,1.0
FAUSTINA,0.0,1.0
FAUSTINO,1.0,0.0
FAUSTO,1.0,0.0
FAVIOLA,0.0,1.0
FAWN,0.0,1.0
FAY,0.0,1.0
FAYE,0.0,1.0
FE,0.0,1.0
FEDERICO,1.0,0.0
FELECIA,0.0,1.0
FELICA,0.0,1.0
FELICE,0.0,1.0
FELICIA,0.0,1.0
FELICIDAD,0.0,1.0
FELICITA,0.0,1.0
FELICITAS,0.0,1.0
FELIPA,0.0,1.0
FELIPE,1.0,0.0
FELISA,0.0,1.0
FELISHA,0.0,1.0
FELIX,1.0,0.0
FELTON,1.0,0.0
FERDINAND,1.0,0.0
FERMIN,1.0,0.0
FERMINA,0.0,1.0
FERN,0.0,1.0
FERNANDA,0.0,1.0
FERNANDE,0.0,1.0
FERNANDO,1.0,0.0
FERNE,0.0,1.0
FIDEL,1.0,0.0
FIDELA,0.0,1.0
FIDELIA,0.0,1.0
FILIBERTO,1.0,0.0
FILOMENA,0.0,1.0
FIONA,0.0,1.0
FLAVIA,0.0,1.0
FLETA,0.0,1.0
FLETCHER,1.0,0.0
FLO,0.0,1.0
FLOR,0.0,1.0
FLORA,0.0,1.0
FLORANCE,0.0,1.0
FLORENCE,0.0,1.0
FLORENCIA,0.0,1.0
FLORENCIO,1.0,0.0
FLORENE,0.0,1.0
FLORENTINA,0.0,1.0
FLORENTINO,1.0,0.0
FLORETTA,0.0,1.0
FLORIA,0.0,1.0
FLORIDA,0.0,1.0
FLORINDA,0.0,1.0
FLORINE,0.0,1.0
FLORRIE,0.0,1.0
FLOSSIE,0.0,1.0
FLOY,0.0,1.0
FLOYD,1.0,0.0
FONDA,0.0,1.0
FOREST,1.0,0.0
FORREST,1.0,0.0
FOSTER,1.0,0.0
FRAN,0.0,1.0
FRANCE,0.0,1.0
FRANCENE,0.0,1.0
FRANCES,0.013333333333333332,0.9866666666666666
FRANCESCA,0.0,1.0
FRANCESCO,1.0,0.0
FRANCHESCA,0.0,1.0
FRANCIE,0.0,1.0
FRANCINA,0.0,1.0
FRANCINE,0.0,1.0
FRANCIS,0.8040201005025126,0.19597989949748743
FRANCISCA,0.0,1.0
FRANCISCO,0.9841269841269841,0.015873015873015872
FRANCOISE,0.0,1.0
FRANK,0.9965694682675814,0.0034305317324185257
FRANKIE,0.5111111111111111,0.48888888888888893
FRANKLIN,1.0,0.0
FRANKLYN,1.0,0.0
FRANSISCA,0.0,1.0
FRED,0.996031746031746,0.003968253968253968
FREDA,0.0,1.0
FREDDA,0.0,1.0
FREDDIE,0.8679245283018868,0.1320754716981132
FREDDY,1.0,0.0
FREDERIC,1.0,0.0
FREDERICA,0.0,1.0
FREDERICK,1.0,0.0
FREDERICKA,0.0,1.0
FREDIA,0.0,1.0
FREDRIC,1.0,0.0
FREDRICK,1.0,0.0
FREDRICKA,0.0,1.0
FREEDA,0.0,1.0
FREEMAN,1.0,0.0
FREIDA,0.0,1.0
FRIDA,0.0,1.0
FRIEDA,0.0,1.0
FRITZ,1.0,0.0
FUMIKO,0.0,1.0
GABRIEL,0.9605263157894737,0.03947368421052632
GABRIELA,0.0,1.0
GABRIELE,0.0,1.0
GABRIELLA,0.0,1.0
GABRIELLE,0.0,1.0
GAIL,0.03973509933774835,0.9602649006622517
GALA,0.0,1.0
GALE,0.3333333333333333,0.6666666666666666
GALEN,1.0,0.0
GALINA,0.0,1.0
GARFIELD,1.0,0.0
GARLAND,1.0,0.0
GARNET,0.0,1.0
GARNETT,0.0,1.0
GARRET,1.0,0.0
GARRETT,1.0,0.0
GARRY,1.0,0.0
GARTH,1.0,0.0
GARY,0.9969325153374233,0.003067484662576687
GASTON,1.0,0.0
GAVIN,1.0,0.0
GAY,0.0,1.0
GAYE,0.0,1.0
GAYLA,0.0,1.0
GAYLE,0.08510638297872342,0.9148936170212766
GAYLENE,0.0,1.0
GAYLORD,1.0,0.0
GAYNELL,0.0,1.0
GAYNELLE,0.0,1.0
GEARLDINE,0.0,1.0
GEMA,0.0,1.0
GEMMA,0.0,1.0
GENA,0.0,1.0
GENARO,1.0,0.0
GENE,0.9456521739130435,0.05434782608695653
GENESIS,0.0,1.0
GENEVA,0.0,1.0
GENEVIE,0.0,1.0
GENEVIEVE,0.0,1.0
GENEVIVE,0.0,1.0
GENIA,0.0,1.0
GENIE,0.0,1.0
GENNA,0.0,1.0
GENNIE,0.0,1.0
GENNY,0.0,1.0
GENOVEVA,0.0,1.0
GEOFFREY,1.0,0.0
GEORGANN,0.0,1.0
GEORGE,0.9946351931330473,0.00536480686695279
GEORGEANN,0.0,1.0
GEORGEANNA,0.0,1.0
GEORGENE,0.0,1.0
GEORGETTA,0.0,1.0
GEORGETTE,0.0,1.0
GEORGIA,0.0,1.0
GEORGIANA,0.0,1.0
GEORGIANN,0.0,1.0
GEORGIANNA,0.0,1.0
GEORGIANNE,0.0,1.0
GEORGIE,0.0,1.0
GEORGINA,0.0,1.0
GEORGINE,0.0,1.0
GERALD,0.996774193548387,0.0032258064516129037
GERALDINE,0.0,1.0
GERALDO,1.0,0.0
GERALYN,0.0,1.0
GERARD,1.0,0.0
GERARDO,1.0,0.0
GERDA,0.0,1.0
GERI,0.0,1.0
GERMAINE,0.0,1.0
GERMAN,1.0,0.0
GERRI,0.0,1.0
GERRY,0.6875,0.3125
GERTHA,0.0,1.0
GERTIE,0.0,1.0
GERTRUD,0.0,1.0
GERTRUDE,0.0,1.0
GERTRUDIS,0.0,1.0
GERTUDE,0.0,1.0
GHISLAINE,0.0,1.0
GIA,0.0,1.0
GIANNA,0.0,1.0
GIDGET,0.0,1.0
GIGI,0.0,1.0
GIL,1.0,0.0
GILBERT,1.0,0.0
GILBERTE,0.0,1.0
GILBERTO,1.0,0.0
GILDA,0.0,1.0
GILLIAN,0.0,1.0
GILMA,0.0,1.0
GINA,0.0,1.0
GINETTE,0.0,1.0
GINGER,0.0,1.0
GINNY,0.0,1.0
GINO,1.0,0.0
GIOVANNA,0.0,1.0
GIOVANNI,1.0,0.0
GISELA,0.0,1.0
GISELE,0.0,1.0
GISELLE,0.0,1.0
GITA,0.0,1.0
GIUSEPPE,1.0,0.0
GIUSEPPINA,0.0,1.0
GLADIS,0.0,1.0
GLADY,0.0,1.0
GLADYS,0.0,1.0
GLAYDS,0.0,1.0
GLEN,1.0,0.0
GLENDA,0.0,1.0
GLENDORA,0.0,1.0
GLENN,0.9940476190476191,0.005952380952380954
GLENNA,0.0,1.0
GLENNIE,0.0,1.0
GLENNIS,0.0,1.0
GLINDA,0.0,1.0
GLORIA,0.0,1.0
GLORY,0.0,1.0
GLYNDA,0.0,1.0
GLYNIS,0.0,1.0
GOLDA,0.0,1.0
GOLDEN,0.0,1.0
GOLDIE,0.0,1.0
GONZALO,1.0,0.0
GORDON,1.0,0.0
GRACE,0.0,1.0
GRACIA,0.0,1.0
GRACIE,0.0,1.0
GRACIELA,0.0,1.0
GRADY,1.0,0.0
GRAHAM,1.0,0.0
GRAIG,1.0,0.0
GRANT,1.0,0.0
GRANVILLE,1.0,0.0
GRAYCE,0.0,1.0
GRAZYNA,0.0,1.0
GREG,1.0,0.0
GREGG,1.0,0.0
GREGORIA,0.0,1.0
GREGORIO,1.0,0.0
GREGORY,0.9977375565610861,0.002262443438914028
GRETA,0.0,1.0
GRETCHEN,0.0,1.0
GRETTA,0.0,1.0
GRICELDA,0.0,1.0
GRISEL,0.0,1.0
GRISELDA,0.0,1.0
GROVER,1.0,0.0
GUADALUPE,0.3058823529411765,0.6941176470588235
GUDRUN,0.0,1.0
GUILLERMINA,0.0,1.0
GUILLERMO,1.0,0.0
GUS,1.0,0.0
GUSSIE,0.0,1.0
GUSTAVO,1.0,0.0
GUY,1.0,0.0
GWEN,0.0,1.0
GWENDA,0.0,1.0
GWENDOLYN,0.0,1.0
GWENN,0.0,1.0
GWYN,0.0,1.0
GWYNETH,0.0,1.0
HA,0.0,1.0
HAE,0.0,1.0
HAI,1.0,0.0
HAILEY,0.0,1.0
HAL,1.0,0.0
HALEY,0.0,1.0
HALINA,0.0,1.0
HALLEY,0.0,1.0
HALLIE,0.0,1.0
HAN,0.0,1.0
HANA,0.0,1.0
HANG,0.0,1.0
HANH,0.0,1.0
HANK,1.0,0.0
HANNA,0.0,1.0
HANNAH,0.0,1.0
HANNELORE,0.0,1.0
HANS,1.0,0.0
HARLAN,1.0,0.0
HARLAND,1.0,0.0
HARLEY,1.0,0.0
HARMONY,0.0,1.0
HAROLD,0.9973118279569892,0.002688172043010753
HARRIET,0.0,1.0
HARRIETT,0.0,1.0
HARRIETTE,0.0,1.0
HARRIS,1.0,0.0
HARRISON,1.0,0.0
HARRY,1.0,0.0
HARVEY,1.0,0.0
HASSAN,1.0,0.0
HASSIE,0.0,1.0
HATTIE,0.0,1.0
HAYDEE,0.0,1.0
HAYDEN,1.0,0.0
HAYLEY,0.0,1.0
HAYWOOD,1.0,0.0
HAZEL,0.0,1.0
HEATH,1.0,0.0
HEATHER,0.0,1.0
HECTOR,1.0,0.0
HEDWIG,0.0,1.0
HEDY,0.0,1.0
HEE,0.0,1.0
HEIDE,0.0,1.0
HEIDI,0.0,1.0
HEIDY,0.0,1.0
HEIKE,0.0,1.0
HELAINE,0.0,1.0
HELEN,0.0,1.0
HELENA,0.0,1.0
HELENE,0.0,1.0
HELGA,0.0,1.0
HELLEN,0.0,1.0
HENRIETTA,0.0,1.0
HENRIETTE,0.0,1.0
HENRY,0.9945504087193461,0.005449591280653952
HERB,1.0,0.0
HERBERT,1.0,0.0
HERIBERTO,1.0,0.0
HERLINDA,0.0,1.0
HERMA,0.0,1.0
HERMAN,1.0,0.0
HERMELINDA,0.0,1.0
HERMILA,0.0,1.0
HERMINA,0.0,1.0
HERMINE,0.0,1.0
HERMINIA,0.0,1.0
HERSCHEL,1.0,0.0
HERSHEL,1.0,0.0
HERTA,0.0,1.0
HERTHA,0.0,1.0
HESTER,0.0,1.0
HETTIE,0.0,1.0
HIEDI,0.0,1.0
HIEN,0.0,1.0
HILARIA,0.0,1.0
HILARIO,1.0,0.0
HILARY,0.0,1.0
HILDA,0.0,1.0
HILDE,0.0,1.0
HILDEGARD,0.0,1.0
HILDEGARDE,0.0,1.0
HILDRED,0.0,1.0
HILLARY,0.0,1.0
HILMA,0.0,1.0
HILTON,1.0,0.0
HIPOLITO,1.0,0.0
HIRAM,1.0,0.0
HIROKO,0.0,1.0
HISAKO,0.0,1.0
HOA,0.0,1.0
HOBERT,1.0,0.0
HOLLEY,0.0,1.0
HOLLI,0.0,1.0
HOLLIE,0.0,1.0
HOLLIS,0.8181818181818182,0.18181818181818182
HOLLY,0.0,1.0
HOMER,1.0,0.0
HONEY,0.0,1.0
HONG,0.5,0.5
HOPE,0.0,1.0
HORACE,1.0,0.0
HORACIO,1.0,0.0
HORTENCIA,0.0,1.0
HORTENSE,0.0,1.0
HORTENSIA,0.0,1.0
HOSEA,1.0,0.0
HOUSTON,1.0,0.0
HOWARD,1.0,0.0
HOYT,1.0,0.0
HSIU,0.0,1.0
HUBERT,1.0,0.0
HUE,0.0,1.0
HUEY,1.0,0.0
HUGH,1.0,0.0
HUGO,1.0,0.0
HUI,0.0,1.0
HULDA,0.0,1.0
HUMBERTO,1.0,0.0
HUNG,1.0,0.0
HUNTER,1.0,0.0
HUONG,0.0,1.0
HWA,0.0,1.0
HYACINTH,0.0,1.0
HYE,0.0,1.0
HYMAN,1.0,0.0
HYO,0.0,1.0
HYON,0.0,1.0
HYUN,0.0,1.0
IAN,1.0,0.0
IDA,0.0,1.0
IDALIA,0.0,1.0
IDELL,0.0,1.0
IDELLA,0.0,1.0
IESHA,0.0,1.0
IGNACIA,0.0,1.0
IGNACIO,1.0,0.0
IKE,1.0,0.0
ILA,0.0,1.0
ILANA,0.0,1.0
ILDA,0.0,1.0
ILEANA,0.0,1.0
ILEEN,0.0,1.0
ILENE,0.0,1.0
ILIANA,0.0,1.0
ILLA,0.0,1.0
ILONA,0.0,1.0
ILSE,0.0,1.0
ILUMINADA,0.0,1.0
IMA,0.0,1.0
IMELDA,0.0,1.0
IMOGENE,0.0,1.0
IN,0.0,1.0
INA,0.0,1.0
INDIA,0.0,1.0
INDIRA,0.0,1.0
INELL,0.0,1.0
INES,0.0,1.0
INEZ,0.0,1.0
INGA,0.0,1.0
INGE,0.0,1.0
INGEBORG,0.0,1.0
INGER,0.0,1.0
INGRID,0.0,1.0
INOCENCIA,0.0,1.0
IOLA,0.0,1.0
IONA,0.0,1.0
IONE,0.0,1.0
IRA,0.8974358974358975,0.10256410256410256
IRAIDA,0.0,1.0
IRENA,0.0,1.0
IRENE,0.0,1.0
IRINA,0.0,1.0
IRIS,0.0,1.0
IRISH,0.0,1.0
IRMA,0.0,1.0
IRMGARD,0.0,1.0
IRVIN,1.0,0.0
IRVING,1.0,0.0
IRWIN,1.0,0.0
ISA,0.0,1.0
ISAAC,1.0,0.0
ISABEL,0.0,1.0
ISABELL,0.0,1.0
ISABELLA,0.0,1.0
ISABELLE,0.0,1.0
ISADORA,0.0,1.0
ISAIAH,1.0,0.0
ISAIAS,1.0,0.0
ISAURA,0.0,1.0
ISELA,0.0,1.0
ISIAH,1.0,0.0
ISIDRA,0.0,1.0
ISIDRO,1.0,0.0
ISIS,0.0,1.0
ISMAEL,1.0,0.0
ISOBEL,0.0,1.0
ISRAEL,1.0,0.0
ISREAL,1.0,0.0
ISSAC,1.0,0.0
IVA,0.0,1.0
IVAN,1.0,0.0
IVANA,0.0,1.0
IVELISSE,0.0,1.0
IVETTE,0.0,1.0
IVEY,0.0,1.0
IVONNE,0.0,1.0
IVORY,0.5454545454545454,0.45454545454545453
IVY,0.0,1.0
IZETTA,0.0,1.0
IZOLA,0.0,1.0
JA,0.0,1.0
JACALYN,0.0,1.0
JACELYN,0.0,1.0
JACINDA,0.0,1.0
JACINTA,0.0,1.0
JACINTO,1.0,0.0
JACK,0.9968354430379747,0.003164556962025317
JACKELINE,0.0,1.0
JACKELYN,0.0,1.0
JACKI,0.0,1.0
JACKIE,0.3233082706766917,0.6766917293233082
JACKLYN,0.0,1.0
JACKQUELINE,0.0,1.0
JACKSON,1.0,0.0
JACLYN,0.0,1.0
JACOB,1.0,0.0
JACQUALINE,0.0,1.0
JACQUE,0.0,1.0
JACQUELIN,0.0,1.0
JACQUELINE,0.0,1.0
JACQUELYN,0.0,1.0
JACQUELYNE,0.0,1.0
JACQUELYNN,0.0,1.0
JACQUES,1.0,0.0
JACQUETTA,0.0,1.0
JACQUI,0.0,1.0
JACQUIE,0.0,1.0
JACQUILINE,0.0,1.0
JACQULINE,0.0,1.0
JACQULYN,0.0,1.0
JADA,0.0,1.0
JADE,0.0,1.0
JADWIGA,0.0,1.0
JAE,0.6666666666666666,0.3333333333333333
JAIME,0.6707317073170731,0.32926829268292684
JAIMEE,0.0,1.0
JAIMIE,0.0,1.0
JAKE,1.0,0.0
JALEESA,0.0,1.0
JALISA,0.0,1.0
JAMA,0.0,1.0
JAMAAL,1.0,0.0
JAMAL,1.0,0.0
JAMAR,1.0,0.0
JAME,0.888888888888889,0.11111111111111112
JAMEE,0.0,1.0
JAMEL,1.0,0.0
JAMES,0.9969951923076922,0.003004807692307692
JAMEY,0.7142857142857142,0.2857142857142857
JAMI,0.0,1.0
JAMIE,0.3013698630136986,0.6986301369863013
JAMIKA,0.0,1.0
JAMILA,0.0,1.0
JAMISON,1.0,0.0
JAMMIE,0.0,1.0
JAN,0.27142857142857146,0.7285714285714285
JANA,0.0,1.0
JANAE,0.0,1.0
JANAY,0.0,1.0
JANE,0.0,1.0
JANEAN,0.0,1.0
JANEE,0.0,1.0
JANEEN,0.0,1.0
JANEL,0.0,1.0
JANELL,0.0,1.0
JANELLA,0.0,1.0
JANELLE,0.0,1.0
JANENE,0.0,1.0
JANESSA,0.0,1.0
JANET,0.0,1.0
JANETH,0.0,1.0
JANETT,0.0,1.0
JANETTA,0.0,1.0
JANETTE,0.0,1.0
JANEY,0.0,1.0
JANI,0.0,1.0
JANICE,0.0,1.0
JANIE,0.0,1.0
JANIECE,0.0,1.0
JANINA,0.0,1.0
JANINE,0.0,1.0
JANIS,0.0,1.0
JANISE,0.0,1.0
JANITA,0.0,1.0
JANN,0.0,1.0
JANNA,0.0,1.0
JANNET,0.0,1.0
JANNETTE,0.0,1.0
JANNIE,0.0,1.0
JANUARY,0.0,1.0
JANYCE,0.0,1.0
JAQUELINE,0.0,1.0
JAQUELYN,0.0,1.0
JARED,1.0,0.0
JAROD,1.0,0.0
JARRED,1.0,0.0
JARRETT,1.0,0.0
JARROD,1.0,0.0
JARVIS,1.0,0.0
JASMIN,0.0,1.0
JASMINE,0.0,1.0
JASON,0.9969788519637462,0.003021148036253777
JASPER,1.0,0.0
JAUNITA,0.0,1.0
JAVIER,1.0,0.0
JAY,0.9752066115702479,0.024793388429752063
JAYE,0.0,1.0
JAYME,0.0,1.0
JAYMIE,0.0,1.0
JAYNA,0.0,1.0
JAYNE,0.0,1.0
JAYSON,1.0,0.0
JAZMIN,0.0,1.0
JAZMINE,0.0,1.0
JC,1.0,0.0
JEAN,0.1,0.9
JEANA,0.0,1.0
JEANE,0.0,1.0
JEANELLE,0.0,1.0
JEANENE,0.0,1.0
JEANETT,0.0,1.0
JEANETTA,0.0,1.0
JEANETTE,0.0,1.0
JEANICE,0.0,1.0
JEANIE,0.0,1.0
JEANINE,0.0,1.0
JEANMARIE,0.0,1.0
JEANNA,0.0,1.0
JEANNE,0.0,1.0
JEANNETTA,0.0,1.0
JEANNETTE,0.0,1.0
JEANNIE,0.0,1.0
JEANNINE,0.0,1.0
JED,1.0,0.0
JEFF,1.0,0.0
JEFFEREY,1.0,0.0
JEFFERSON,1.0,0.0
JEFFERY,1.0,0.0
JEFFIE,0.0,1.0
JEFFREY,0.9983108108108109,0.0016891891891891895
JEFFRY,1.0,0.0
JEN,0.0,1.0
JENA,0.0,1.0
JENAE,0.0,1.0
JENE,0.0,1.0
JENEE,0.0,1.0
JENELL,0.0,1.0
JENELLE,0.0,1.0
JENETTE,0.0,1.0
JENEVA,0.0,1.0
JENI,0.0,1.0
JENICE,0.0,1.0
JENIFER,0.0,1.0
JENIFFER,0.0,1.0
JENINE,0.0,1.0
JENISE,0.0,1.0
JENNA,0.0,1.0
JENNEFER,0.0,1.0
JENNELL,0.0,1.0
JENNETTE,0.0,1.0
JENNI,0.0,1.0
JENNIE,0.0,1.0
JENNIFER,0.0,1.0
JENNIFFER,0.0,1.0
JENNINE,0.0,1.0
JENNY,0.0,1.0
JERALD,1.0,0.0
JERALDINE,0.0,1.0
JERAMY,1.0,0.0
JERE,1.0,0.0
JEREMIAH,1.0,0.0
JEREMY,0.9958847736625515,0.00411522633744856
JERI,0.0,1.0
JERICA,0.0,1.0
JERILYN,0.0,1.0
JERLENE,0.0,1.0
JERMAINE,1.0,0.0
JEROLD,1.0,0.0
JEROME,1.0,0.0
JEROMY,1.0,0.0
JERRELL,1.0,0.0
JERRI,0.0,1.0
JERRICA,0.0,1.0
JERRIE,0.0,1.0
JERROD,1.0,0.0
JERROLD,1.0,0.0
JERRY,0.9751693002257337,0.024830699774266364
JESENIA,0.0,1.0
JESICA,0.0,1.0
JESS,1.0,0.0
JESSE,0.9631336405529953,0.03686635944700461
JESSENIA,0.0,1.0
JESSI,0.0,1.0
JESSIA,0.0,1.0
JESSICA,0.0,1.0
JESSIE,0.3987730061349693,0.6012269938650306
JESSIKA,0.0,1.0
JESTINE,0.0,1.0
JESUS,0.9872611464968153,0.012738853503184714
JESUSA,0.0,1.0
JESUSITA,0.0,1.0
JETTA,0.0,1.0
JETTIE,0.0,1.0
JEWEL,0.13793103448275862,0.8620689655172414
JEWELL,0.16,0.84
JI,0.0,1.0
JILL,0.0,1.0
JILLIAN,0.0,1.0
JIM,1.0,0.0
JIMMIE,0.7733333333333333,0.22666666666666668
JIMMY,0.9896373056994818,0.010362694300518135
JIN,0.0,1.0
JINA,0.0,1.0
JINNY,0.0,1.0
JO,0.0,1.0
JOAN,0.025477707006369428,0.9745222929936305
JOANA,0.0,1.0
JOANE,0.0,1.0
JOANIE,0.0,1.0
JOANN,0.0,1.0
JOANNA,0.0,1.0
JOANNE,0.0,1.0
JOANNIE,0.0,1.0
JOAQUIN,1.0,0.0
JOAQUINA,0.0,1.0
JOCELYN,0.0,1.0
JODEE,0.0,1.0
JODI,0.0,1.0
JODIE,0.0,1.0
JODY,0.3870967741935484,0.6129032258064515
JOE,0.9846625766871165,0.015337423312883436
JOEANN,0.0,1.0
JOEL,0.987012987012987,0.01298701298701299
JOELLA,0.0,1.0
JOELLE,0.0,1.0
JOELLEN,0.0,1.0
JOESPH,1.0,0.0
JOETTA,0.0,1.0
JOETTE,0.0,1.0
JOEY,0.9347826086956521,0.06521739130434782
JOHANA,0.0,1.0
JOHANNA,0.0,1.0
JOHANNE,0.0,1.0
JOHN,0.9963448065793481,0.0036551934206518425
JOHNA,0.0,1.0
JOHNATHAN,1.0,0.0
JOHNATHON,1.0,0.0
JOHNETTA,0.0,1.0
JOHNETTE,0.0,1.0
JOHNIE,0.7,0.30000000000000004
JOHNNA,0.0,1.0
JOHNNIE,0.5714285714285715,0.42857142857142855
JOHNNY,0.984848484848485,0.015151515151515152
JOHNSIE,0.0,1.0
JOHNSON,1.0,0.0
JOI,0.0,1.0
JOIE,0.0,1.0
JOLANDA,0.0,1.0
JOLEEN,0.0,1.0
JOLENE,0.0,1.0
JOLIE,0.0,1.0
JOLINE,0.0,1.0
JOLYN,0.0,1.0
JOLYNN,0.0,1.0
JON,0.9913793103448275,0.008620689655172414
JONA,0.0,1.0
JONAH,1.0,0.0
JONAS,1.0,0.0
JONATHAN,1.0,0.0
JONATHON,1.0,0.0
JONE,0.0,1.0
JONELL,0.0,1.0
JONELLE,0.0,1.0
JONG,0.0,1.0
JONI,0.0,1.0
JONIE,0.0,1.0
JONNA,0.0,1.0
JONNIE,0.0,1.0
JORDAN,0.8235294117647058,0.17647058823529413
JORDON,1.0,0.0
JORGE,1.0,0.0
JOSE,0.9951298701298702,0.004870129870129871
JOSEF,1.0,0.0
JOSEFA,0.0,1.0
JOSEFINA,0.0,1.0
JOSEFINE,0.0,1.0
JOSELYN,0.0,1.0
JOSEPH,0.9964513839602556,0.0035486160397444995
JOSEPHINA,0.0,1.0
JOSEPHINE,0.0,1.0
JOSETTE,0.0,1.0
JOSH,1.0,0.0
JOSHUA,0.9977064220183487,0.0022935779816513767
JOSIAH,1.0,0.0
JOSIE,0.0,1.0
JOSLYN,0.0,1.0
JOSPEH,1.0,0.0
JOSPHINE,0.0,1.0
JOSUE,1.0,0.0
JOVAN,0.0,1.0
JOVITA,0.0,1.0
JOY,0.0,1.0
JOYA,0.0,1.0
JOYCE,0.0,1.0
JOYCELYN,0.0,1.0
JOYE,0.0,1.0
JUAN,0.9905956112852664,0.009404388714733543
JUANA,0.0,1.0
JUANITA,0.0,1.0
JUDE,0.8,0.2
JUDI,0.0,1.0
JUDIE,0.0,1.0
JUDITH,0.0,1.0
JUDSON,1.0,0.0
JUDY,0.0,1.0
JULE,0.0,1.0
JULEE,0.0,1.0
JULENE,0.0,1.0
JULES,1.0,0.0
JULI,0.0,1.0
JULIA,0.0,1.0
JULIAN,0.9629629629629629,0.037037037037037035
JULIANA,0.0,1.0
JULIANE,0.0,1.0
JULIANN,0.0,1.0
JULIANNA,0.0,1.0
JULIANNE,0.0,1.0
JULIE,0.0,1.0
JULIEANN,0.0,1.0
JULIENNE,0.0,1.0
JULIET,0.0,1.0
JULIETA,0.0,1.0
JULIETTA,0.0,1.0
JULIETTE,0.0,1.0
JULIO,0.984375,0.015625
JULISSA,0.0,1.0
JULIUS,1.0,0.0
JUNE,0.0,1.0
JUNG,0.0,1.0
JUNIE,0.0,1.0
JUNIOR,1.0,0.0
JUNITA,0.0,1.0
JUNKO,0.0,1.0
JUSTA,0.0,1.0
JUSTIN,0.9936102236421726,0.006389776357827477
JUSTINA,0.0,1.0
JUSTINE,0.0,1.0
JUTTA,0.0,1.0
KA,0.0,1.0
KACEY,0.0,1.0
KACI,0.0,1.0
KACIE,0.0,1.0
KACY,0.0,1.0
KAI,0.0,1.0
KAILA,0.0,1.0
KAITLIN,0.0,1.0
KAITLYN,0.0,1.0
KALA,0.0,1.0
KALEIGH,0.0,1.0
KALEY,0.0,1.0
KALI,0.0,1.0
KALLIE,0.0,1.0
KALYN,0.0,1.0
KAM,0.0,1.0
KAMALA,0.0,1.0
KAMI,0.0,1.0
KAMILAH,0.0,1.0
KANDACE,0.0,1.0
KANDI,0.0,1.0
KANDICE,0.0,1.0
KANDIS,0.0,1.0
KANDRA,0.0,1.0
KANDY,0.0,1.0
KANESHA,0.0,1.0
KANISHA,0.0,1.0
KARA,0.0,1.0
KARAN,0.0,1.0
KAREEM,1.0,0.0
KAREEN,0.0,1.0
KAREN,0.0,1.0
KARENA,0.0,1.0
KAREY,0.0,1.0
KARI,0.0,1.0
KARIE,0.0,1.0
KARIMA,0.0,1.0
KARIN,0.0,1.0
KARINA,0.0,1.0
KARINE,0.0,1.0
KARISA,0.0,1.0
KARISSA,0.0,1.0
KARL,0.9718309859154929,0.02816901408450704
KARLA,0.0,1.0
KARLEEN,0.0,1.0
KARLENE,0.0,1.0
KARLY,0.0,1.0
KARLYN,0.0,1.0
KARMA,0.0,1.0
KARMEN,0.0,1.0
KAROL,0.0,1.0
KAROLE,0.0,1.0
KAROLINE,0.0,1.0
KAROLYN,0.0,1.0
KARON,0.0,1.0
KARREN,0.0,1.0
KARRI,0.0,1.0
KARRIE,0.0,1.0
KARRY,0.0,1.0
KARY,0.0,1.0
KARYL,0.0,1.0
KARYN,0.0,1.0
KASANDRA,0.0,1.0
KASEY,0.26666666666666666,0.7333333333333334
KASHA,0.0,1.0
KASI,0.0,1.0
KASIE,0.0,1.0
KASSANDRA,0.0,1.0
KASSIE,0.0,1.0
KATE,0.0,1.0
KATELIN,0.0,1.0
KATELYN,0.0,1.0
KATELYNN,0.0,1.0
KATERINE,0.0,1.0
KATHALEEN,0.0,1.0
KATHARINA,0.0,1.0
KATHARINE,0.0,1.0
KATHARYN,0.0,1.0
KATHE,0.0,1.0
KATHELEEN,0.0,1.0
KATHERIN,0.0,1.0
KATHERINA,0.0,1.0
KATHERINE,0.0,1.0
KATHERN,0.0,1.0
KATHERYN,0.0,1.0
KATHEY,0.0,1.0
KATHI,0.0,1.0
KATHIE,0.0,1.0
KATHLEEN,0.0,1.0
KATHLENE,0.0,1.0
KATHLINE,0.0,1.0
KATHLYN,0.0,1.0
KATHRIN,0.0,1.0
KATHRINE,0.0,1.0
KATHRYN,0.0,1.0
KATHRYNE,0.0,1.0
KATHY,0.0,1.0
KATHYRN,0.0,1.0
KATI,0.0,1.0
KATIA,0.0,1.0
KATIE,0.0,1.0
KATINA,0.0,1.0
KATLYN,0.0,1.0
KATRICE,0.0,1.0
KATRINA,0.0,1.0
KATTIE,0.0,1.0
KATY,0.0,1.0
KAY,0.0,1.0
KAYCE,0.0,1.0
KAYCEE,0.0,1.0
KAYE,0.0,1.0
KAYLA,0.0,1.0
KAYLEE,0.0,1.0
KAYLEEN,0.0,1.0
KAYLEIGH,0.0,1.0
KAYLENE,0.0,1.0
KAZUKO,0.0,1.0
KECIA,0.0,1.0
KEELEY,0.0,1.0
KEELY,0.0,1.0
KEENA,0.0,1.0
KEENAN,1.0,0.0
KEESHA,0.0,1.0
KEIKO,0.0,1.0
KEILA,0.0,1.0
KEIRA,0.0,1.0
KEISHA,0.0,1.0
KEITH,0.9967637540453075,0.0032362459546925572
KEITHA,0.0,1.0
KELI,0.0,1.0
KELLE,0.0,1.0
KELLEE,0.0,1.0
KELLEY,0.1142857142857143,0.8857142857142857
KELLI,0.0,1.0
KELLIE,0.0,1.0
KELLY,0.18208092485549132,0.8179190751445087
KELLYE,0.0,1.0
KELSEY,0.0,1.0
KELSI,0.0,1.0
KELSIE,0.0,1.0
KELVIN,1.0,0.0
KEMBERLY,0.0,1.0
KEN,1.0,0.0
KENA,0.0,1.0
KENDA,0.0,1.0
KENDAL,0.0,1.0
KENDALL,0.8,0.2
KENDRA,0.0,1.0
KENDRICK,1.0,0.0
KENETH,1.0,0.0
KENIA,0.0,1.0
KENISHA,0.0,1.0
KENNA,0.0,1.0
KENNETH,0.997584541062802,0.002415458937198068
KENNITH,1.0,0.0
KENNY,1.0,0.0
KENT,1.0,0.0
KENTON,1.0,0.0
KENYA,0.0,1.0
KENYATTA,0.0,1.0
KENYETTA,0.0,1.0
KERA,0.0,1.0
KEREN,0.0,1.0
KERI,0.0,1.0
KERMIT,1.0,0.0
KERRI,0.0,1.0
KERRIE,0.0,1.0
KERRY,0.5373134328358209,0.4626865671641791
KERSTIN,0.0,1.0
KESHA,0.0,1.0
KESHIA,0.0,1.0
KETURAH,0.0,1.0
KEVA,0.0,1.0
KEVEN,1.0,0.0
KEVIN,0.9970282317979198,0.0029717682020802385
KHADIJAH,0.0,1.0
KHALILAH,0.0,1.0
KIA,0.0,1.0
KIANA,0.0,1.0
KIARA,0.0,1.0
KIERA,0.0,1.0
KIERSTEN,0.0,1.0
KIESHA,0.0,1.0
KIETH,1.0,0.0
KILEY,0.0,1.0
KIM,0.13592233009708735,0.8640776699029126
KIMBER,0.0,1.0
KIMBERELY,0.0,1.0
KIMBERLEE,0.0,1.0
KIMBERLEY,0.0,1.0
KIMBERLI,0.0,1.0
KIMBERLIE,0.0,1.0
KIMBERLY,0.0,1.0
KIMBERY,0.0,1.0
KIMBRA,0.0,1.0
KIMI,0.0,1.0
KIMIKO,0.0,1.0
KINA,0.0,1.0
KINDRA,0.0,1.0
KING,1.0,0.0
KIP,1.0,0.0
KIRA,0.0,1.0
KIRBY,0.8181818181818182,0.18181818181818182
KIRK,1.0,0.0
KIRSTEN,0.0,1.0
KIRSTIE,0.0,1.0
KIRSTIN,0.0,1.0
KISHA,0.0,1.0
KIT,0.0,1.0
KITTIE,0.0,1.0
KITTY,0.0,1.0
KIYOKO,0.0,1.0
KIZZIE,0.0,1.0
KIZZY,0.0,1.0
KLARA,0.0,1.0
KOREY,1.0,0.0
KORI,0.0,1.0
KORTNEY,0.0,1.0
KORY,1.0,0.0
KOURTNEY,0.0,1.0
KRAIG,1.0,0.0
KRIS,0.5,0.5
KRISHNA,0.0,1.0
KRISSY,0.0,1.0
KRISTA,0.0,1.0
KRISTAL,0.0,1.0
KRISTAN,0.0,1.0
KRISTEEN,0.0,1.0
KRISTEL,0.0,1.0
KRISTEN,0.0,1.0
KRISTI,0.0,1.0
KRISTIAN,0.0,1.0
KRISTIE,0.0,1.0
KRISTIN,0.0,1.0
KRISTINA,0.0,1.0
KRISTINE,0.0,1.0
KRISTLE,0.0,1.0
KRISTOFER,1.0,0.0
KRISTOPHER,1.0,0.0
KRISTY,0.0,1.0
KRISTYN,0.0,1.0
KRYSTA,0.0,1.0
KRYSTAL,0.0,1.0
KRYSTEN,0.0,1.0
KRYSTIN,0.0,1.0
KRYSTINA,0.0,1.0
KRYSTLE,0.0,1.0
KRYSTYNA,0.0,1.0
KUM,0.0,1.0
KURT,1.0,0.0
KURTIS,1.0,0.0
KYLA,0.0,1.0
KYLE,0.975609756097561,0.024390243902439025
KYLEE,0.0,1.0
KYLIE,0.0,1.0
KYM,0.0,1.0
KYMBERLY,0.0,1.0
KYOKO,0.0,1.0
KYONG,0.0,1.0
KYRA,0.0,1.0
KYUNG,0.0,1.0
LACEY,0.0,1.0
LACHELLE,0.0,1.0
LACI,0.0,1.0
LACIE,0.0,1.0
LACRESHA,0.0,1.0
LACY,0.30769230769230765,0.6923076923076923
LADAWN,0.0,1.0
LADONNA,0.0,1.0
LADY,0.0,1.0
LAEL,0.0,1.0
LAHOMA,0.0,1.0
LAI,0.0,1.0
LAILA,0.0,1.0
LAINE,0.0,1.0
LAJUANA,0.0,1.0
LAKEESHA,0.0,1.0
LAKEISHA,0.0,1.0
LAKENDRA,0.0,1.0
LAKENYA,0.0,1.0
LAKESHA,0.0,1.0
LAKESHIA,0.0,1.0
LAKIA,0.0,1.0
LAKIESHA,0.0,1.0
LAKISHA,0.0,1.0
LAKITA,0.0,1.0
LALA,0.0,1.0
LAMAR,1.0,0.0
LAMONICA,0.0,1.0
LAMONT,1.0,0.0
LAN,0.0,1.0
LANA,0.0,1.0
LANCE,1.0,0.0
LANDON,1.0,0.0
LANE,0.8181818181818182,0.18181818181818182
LANELL,0.0,1.0
LANELLE,0.0,1.0
LANETTE,0.0,1.0
LANG,0.0,1.0
LANI,0.0,1.0
LANIE,0.0,1.0
LANITA,0.0,1.0
LANNIE,0.0,1.0
LANNY,1.0,0.0
LANORA,0.0,1.0
LAQUANDA,0.0,1.0
LAQUITA,0.0,1.0
LARA,0.0,1.0
LARAE,0.0,1.0
LARAINE,0.0,1.0
LAREE,0.0,1.0
LARHONDA,0.0,1.0
LARISA,0.0,1.0
LARISSA,0.0,1.0
LARITA,0.0,1.0
LARONDA,0.0,1.0
LARRAINE,0.0,1.0
LARRY,0.9983305509181971,0.0016694490818030053
LARUE,0.0,1.0
LASANDRA,0.0,1.0
LASHANDA,0.0,1.0
LASHANDRA,0.0,1.0
LASHAUN,0.0,1.0
LASHAUNDA,0.0,1.0
LASHAWN,0.0,1.0
LASHAWNA,0.0,1.0
LASHAWNDA,0.0,1.0
LASHAY,0.0,1.0
LASHELL,0.0,1.0
LASHON,0.0,1.0
LASHONDA,0.0,1.0
LASHUNDA,0.0,1.0
LASONYA,0.0,1.0
LATANYA,0.0,1.0
LATARSHA,0.0,1.0
LATASHA,0.0,1.0
LATASHIA,0.0,1.0
LATESHA,0.0,1.0
LATIA,0.0,1.0
LATICIA,0.0,1.0
LATINA,0.0,1.0
LATISHA,0.0,1.0
LATONIA,0.0,1.0
LATONYA,0.0,1.0
LATORIA,0.0,1.0
LATOSHA,0.0,1.0
LATOYA,0.0,1.0
LATOYIA,0.0,1.0
LATRICE,0.0,1.0
LATRICIA,0.0,1.0
LATRINA,0.0,1.0
LATRISHA,0.0,1.0
LAUNA,0.0,1.0
LAURA,0.0,1.0
LAURALEE,0.0,1.0
LAURAN,0.0,1.0
LAURE,0.0,1.0
LAUREEN,0.0,1.0
LAUREL,0.0,1.0
LAUREN,0.028368794326241138,0.9716312056737588
LAURENA,0.0,1.0
LAURENCE,0.96,0.04
LAURENE,0.0,1.0
LAURETTA,0.0,1.0
LAURETTE,0.0,1.0
LAURI,0.0,1.0
LAURICE,0.0,1.0
LAURIE,0.0,1.0
LAURINDA,0.0,1.0
LAURINE,0.0,1.0
LAURYN,0.0,1.0
LAVADA,0.0,1.0
LAVELLE,0.0,1.0
LAVENIA,0.0,1.0
LAVERA,0.0,1.0
LAVERN,0.5454545454545454,0.45454545454545453
LAVERNA,0.0,1.0
LAVERNE,0.21052631578947373,0.7894736842105263
LAVETA,0.0,1.0
LAVETTE,0.0,1.0
LAVINA,0.0,1.0
LAVINIA,0.0,1.0
LAVON,0.0,1.0
LAVONA,0.0,1.0
LAVONDA,0.0,1.0
LAVONE,0.0,1.0
LAVONIA,0.0,1.0
LAVONNA,0.0,1.0
LAVONNE,0.0,1.0
LAWANA,0.0,1.0
LAWANDA,0.0,1.0
LAWANNA,0.0,1.0
LAWERENCE,1.0,0.0
LAWRENCE,0.9964664310954063,0.0035335689045936404
LAYLA,0.0,1.0
LAYNE,0.0,1.0
LAZARO,1.0,0.0
LE,0.0,1.0
LEA,0.0,1.0
LEAH,0.0,1.0
LEAN,0.0,1.0
LEANA,0.0,1.0
LEANDRA,0.0,1.0
LEANDRO,1.0,0.0
LEANN,0.0,1.0
LEANNA,0.0,1.0
LEANNE,0.0,1.0
LEANORA,0.0,1.0
LEATHA,0.0,1.0
LEATRICE,0.0,1.0
LECIA,0.0,1.0
LEDA,0.0,1.0
LEE,0.7605633802816902,0.23943661971830982
LEEANN,0.0,1.0
LEEANNA,0.0,1.0
LEEANNE,0.0,1.0
LEENA,0.0,1.0
LEESA,0.0,1.0
LEIA,0.0,1.0
LEIDA,0.0,1.0
LEIF,1.0,0.0
LEIGH,0.11111111111111112,0.888888888888889
LEIGHA,0.0,1.0
LEIGHANN,0.0,1.0
LEILA,0.0,1.0
LEILANI,0.0,1.0
LEISA,0.0,1.0
LEISHA,0.0,1.0
LEKISHA,0.0,1.0
LELA,0.0,1.0
LELAH,0.0,1.0
LELAND,1.0,0.0
LELIA,0.0,1.0
LEMUEL,1.0,0.0
LEN,1.0,0.0
LENA,0.0,1.0
LENARD,1.0,0.0
LENITA,0.0,1.0
LENNA,0.0,1.0
LENNIE,0.0,1.0
LENNY,1.0,0.0
LENORA,0.0,1.0
LENORE,0.0,1.0
LEO,0.9906542056074766,0.009345794392523366
LEOLA,0.0,1.0
LEOMA,0.0,1.0
LEON,0.9911504424778761,0.008849557522123895
LEONA,0.0,1.0
LEONARD,1.0,0.0
LEONARDA,0.0,1.0
LEONARDO,1.0,0.0
LEONE,0.0,1.0
LEONEL,1.0,0.0
LEONIA,0.0,1.0
LEONIDA,0.0,1.0
LEONIE,0.0,1.0
LEONILA,0.0,1.0
LEONOR,0.0,1.0
LEONORA,0.0,1.0
LEONORE,0.0,1.0
LEONTINE,0.0,1.0
LEOPOLDO,1.0,0.0
LEORA,0.0,1.0
LEOTA,0.0,1.0
LERA,0.0,1.0
LEROY,1.0,0.0
LES,1.0,0.0
LESA,0.0,1.0
LESHA,0.0,1.0
LESIA,0.0,1.0
LESLEE,0.0,1.0
LESLEY,0.1739130434782609,0.8260869565217391
LESLI,0.0,1.0
LESLIE,0.3446808510638298,0.6553191489361702
LESSIE,0.0,1.0
LESTER,0.9891304347826086,0.010869565217391304
LETA,0.0,1.0
LETHA,0.0,1.0
LETICIA,0.0,1.0
LETISHA,0.0,1.0
LETITIA,0.0,1.0
LETTIE,0.0,1.0
LETTY,0.0,1.0
LEVI,1.0,0.0
LEWIS,0.99,0.01
LEXIE,0.0,1.0
LEZLIE,0.0,1.0
LI,0.0,1.0
LIA,0.0,1.0
LIANA,0.0,1.0
LIANE,0.0,1.0
LIANNE,0.0,1.0
LIBBIE,0.0,1.0
LIBBY,0.0,1.0
LIBERTY,0.0,1.0
LIBRADA,0.0,1.0
LIDA,0.0,1.0
LIDIA,0.0,1.0
LIEN,0.0,1.0
LIESELOTTE,0.0,1.0
LIGIA,0.0,1.0
LILA,0.0,1.0
LILI,0.0,1.0
LILIA,0.0,1.0
LILIAN,0.0,1.0
LILIANA,0.0,1.0
LILLA,0.0,1.0
LILLI,0.0,1.0
LILLIA,0.0,1.0
LILLIAM,0.0,1.0
LILLIAN,0.0,1.0
LILLIANA,0.0,1.0
LILLIE,0.0,1.0
LILLY,0.0,1.0
LILY,0.0,1.0
LIN,0.0,1.0
LINA,0.0,1.0
LINCOLN,1.0,0.0
LINDA,0.0,1.0
LINDSAY,0.06250000000000001,0.9375
LINDSEY,0.10447761194029852,0.8955223880597015
LINDSY,0.0,1.0
LINDY,0.0,1.0
LINETTE,0.0,1.0
LING,0.0,1.0
LINH,0.0,1.0
LINN,0.0,1.0
LINNEA,0.0,1.0
LINNIE,0.0,1.0
LINO,1.0,0.0
LINSEY,0.0,1.0
LINWOOD,1.0,0.0
LIONEL,1.0,0.0
LISA,0.0,1.0
LISABETH,0.0,1.0
LISANDRA,0.0,1.0
LISBETH,0.0,1.0
LISE,0.0,1.0
LISETTE,0.0,1.0
LISHA,0.0,1.0
LISSA,0.0,1.0
LISSETTE,0.0,1.0
LITA,0.0,1.0
LIVIA,0.0,1.0
LIZ,0.0,1.0
LIZA,0.0,1.0
LIZABETH,0.0,1.0
LIZBETH,0.0,1.0
LIZETH,0.0,1.0
LIZETTE,0.0,1.0
LIZZETTE,0.0,1.0
LIZZIE,0.0,1.0
LLOYD,1.0,0.0
LOAN,0.0,1.0
LOGAN,0.9444444444444444,0.05555555555555556
LOIDA,0.0,1.0
LOIS,0.0,1.0
LOISE,0.0,1.0
LOLA,0.0,1.0
LOLITA,0.0,1.0
LOMA,0.0,1.0
LON,1.0,0.0
LONA,0.0,1.0
LONDA,0.0,1.0
LONG,1.0,0.0
LONI,0.0,1.0
LONNA,0.0,1.0
LONNIE,0.927536231884058,0.07246376811594202
LONNY,1.0,0.0
LORA,0.0,1.0
LORAINE,0.0,1.0
LORALEE,0.0,1.0
LORE,0.0,1.0
LOREAN,0.0,1.0
LOREE,0.0,1.0
LOREEN,0.0,1.0
LORELEI,0.0,1.0
LOREN,0.8648648648648648,0.13513513513513511
LORENA,0.0,1.0
LORENE,0.0,1.0
LORENZA,0.0,1.0
LORENZO,1.0,0.0
LORETA,0.0,1.0
LORETTA,0.0,1.0
LORETTE,0.0,1.0
LORI,0.0,1.0
LORIA,0.0,1.0
LORIANN,0.0,1.0
LORIE,0.0,1.0
LORILEE,0.0,1.0
LORINA,0.0,1.0
LORINDA,0.0,1.0
LORINE,0.0,1.0
LORIS,0.0,1.0
LORITA,0.0,1.0
LORNA,0.0,1.0
LORRAINE,0.0,1.0
LORRETTA,0.0,1.0
LORRI,0.0,1.0
LORRIANE,0.0,1.0
LORRIE,0.0,1.0
LORRINE,0.0,1.0
LORY,0.0,1.0
LOTTIE,0.0,1.0
LOU,0.2,0.8
LOUANN,0.0,1.0
LOUANNE,0.0,1.0
LOUELLA,0.0,1.0
LOUETTA,0.0,1.0
LOUIE,0.9,0.1
LOUIS,0.9798387096774193,0.020161290322580645
LOUISA,0.0,1.0
LOUISE,0.0,1.0
LOURA,0.0,1.0
LOURDES,0.0,1.0
LOURIE,0.0,1.0
LOUVENIA,0.0,1.0
LOVE,0.0,1.0
LOVELLA,0.0,1.0
LOVETTA,0.0,1.0
LOVIE,0.0,1.0
LOWELL,1.0,0.0
LOYCE,0.0,1.0
LOYD,1.0,0.0
LU,0.0,1.0
LUANA,0.0,1.0
LUANN,0.0,1.0
LUANNA,0.0,1.0
LUANNE,0.0,1.0
LUBA,0.0,1.0
LUCAS,1.0,0.0
LUCI,0.0,1.0
LUCIA,0.0,1.0
LUCIANA,0.0,1.0
LUCIANO,1.0,0.0
LUCIE,0.0,1.0
LUCIEN,1.0,0.0
LUCIENNE,0.0,1.0
LUCILA,0.0,1.0
LUCILE,0.0,1.0
LUCILLA,0.0,1.0
LUCILLE,0.0,1.0
LUCINA,0.0,1.0
LUCINDA,0.0,1.0
LUCIO,1.0,0.0
LUCIUS,1.0,0.0
LUCRECIA,0.0,1.0
LUCRETIA,0.0,1.0
LUCY,0.0,1.0
LUDIE,0.0,1.0
LUDIVINA,0.0,1.0
LUE,0.0,1.0
LUELLA,0.0,1.0
LUETTA,0.0,1.0
LUIGI,1.0,0.0
LUIS,0.9895287958115183,0.010471204188481678
LUISA,0.0,1.0
LUISE,0.0,1.0
LUKE,1.0,0.0
LULA,0.0,1.0
LULU,0.0,1.0
LUNA,0.0,1.0
LUPE,0.2,0.8
LUPITA,0.0,1.0
LURA,0.0,1.0
LURLENE,0.0,1.0
LURLINE,0.0,1.0
LUTHER,1.0,0.0
LUVENIA,0.0,1.0
LUZ,0.0,1.0
LYDA,0.0,1.0
LYDIA,0.0,1.0
LYLA,0.0,1.0
LYLE,1.0,0.0
LYMAN,1.0,0.0
LYN,0.0,1.0
LYNDA,0.0,1.0
LYNDIA,0.0,1.0
LYNDON,1.0,0.0
LYNDSAY,0.0,1.0
LYNDSEY,0.0,1.0
LYNELL,0.0,1.0
LYNELLE,0.0,1.0
LYNETTA,0.0,1.0
LYNETTE,0.0,1.0
LYNN,0.21965317919075142,0.7803468208092486
LYNNA,0.0,1.0
LYNNE,0.0,1.0
LYNNETTE,0.0,1.0
LYNSEY,0.0,1.0
LYNWOOD,1.0,0.0
MA,0.0,1.0
MABEL,0.0,1.0
MABELLE,0.0,1.0
MABLE,0.0,1.0
MAC,1.0,0.0
MACHELLE,0.0,1.0
MACIE,0.0,1.0
MACK,1.0,0.0
MACKENZIE,0.0,1.0
MACY,0.0,1.0
MADALENE,0.0,1.0
MADALINE,0.0,1.0
MADALYN,0.0,1.0
MADDIE,0.0,1.0
MADELAINE,0.0,1.0
MADELEINE,0.0,1.0
MADELENE,0.0,1.0
MADELINE,0.0,1.0
MADELYN,0.0,1.0
MADGE,0.0,1.0
MADIE,0.0,1.0
MADISON,0.0,1.0
MADLYN,0.0,1.0
MADONNA,0.0,1.0
MAE,0.0,1.0
MAEGAN,0.0,1.0
MAFALDA,0.0,1.0
MAGALI,0.0,1.0
MAGALY,0.0,1.0
MAGAN,0.0,1.0
MAGARET,0.0,1.0
MAGDA,0.0,1.0
MAGDALEN,0.0,1.0
MAGDALENA,0.0,1.0
MAGDALENE,0.0,1.0
MAGEN,0.0,1.0
MAGGIE,0.0,1.0
MAGNOLIA,0.0,1.0
MAHALIA,0.0,1.0
MAI,0.0,1.0
MAIA,0.0,1.0
MAIDA,0.0,1.0
MAILE,0.0,1.0
MAIRA,0.0,1.0
MAIRE,0.0,1.0
MAISHA,0.0,1.0
MAISIE,0.0,1.0
MAJOR,1.0,0.0
MAJORIE,0.0,1.0
MAKEDA,0.0,1.0
MALCOLM,1.0,0.0
MALCOM,1.0,0.0
MALENA,0.0,1.0
MALIA,0.0,1.0
MALIK,1.0,0.0
MALIKA,0.0,1.0
MALINDA,0.0,1.0
MALISA,0.0,1.0
MALISSA,0.0,1.0
MALKA,0.0,1.0
MALLIE,0.0,1.0
MALLORY,0.0,1.0
MALORIE,0.0,1.0
MALVINA,0.0,1.0
MAMIE,0.0,1.0
MAMMIE,0.0,1.0
MAN,0.8,0.2
MANA,0.0,1.0
MANDA,0.0,1.0
MANDI,0.0,1.0
MANDIE,0.0,1.0
MANDY,0.0,1.0
MANIE,0.0,1.0
MANUAL,1.0,0.0
MANUEL,1.0,0.0
MANUELA,0.0,1.0
MANY,0.0,1.0
MAO,0.0,1.0
MAPLE,0.0,1.0
MARA,0.0,1.0
MARAGARET,0.0,1.0
MARAGRET,0.0,1.0
MARANDA,0.0,1.0
MARC,1.0,0.0
MARCEL,1.0,0.0
MARCELA,0.0,1.0
MARCELENE,0.0,1.0
MARCELINA,0.0,1.0
MARCELINE,0.0,1.0
MARCELINO,1.0,0.0
MARCELL,0.0,1.0
MARCELLA,0.0,1.0
MARCELLE,0.0,1.0
MARCELLUS,1.0,0.0
MARCELO,1.0,0.0
MARCENE,0.0,1.0
MARCHELLE,0.0,1.0
MARCI,0.0,1.0
MARCIA,0.0,1.0
MARCIE,0.0,1.0
MARCO,1.0,0.0
MARCOS,1.0,0.0
MARCUS,1.0,0.0
MARCY,0.0,1.0
MARDELL,0.0,1.0
MAREN,0.0,1.0
MARG,0.0,1.0
MARGARET,0.0,1.0
MARGARETA,0.0,1.0
MARGARETE,0.0,1.0
MARGARETT,0.0,1.0
MARGARETTA,0.0,1.0
MARGARETTE,0.0,1.0
MARGARITA,0.0,1.0
MARGARITE,0.0,1.0
MARGARITO,1.0,0.0
MARGART,0.0,1.0
MARGE,0.0,1.0
MARGENE,0.0,1.0
MARGERET,0.0,1.0
MARGERT,0.0,1.0
MARGERY,0.0,1.0
MARGET,0.0,1.0
MARGHERITA,0.0,1.0
MARGIE,0.0,1.0
MARGIT,0.0,1.0
MARGO,0.0,1.0
MARGORIE,0.0,1.0
MARGOT,0.0,1.0
MARGRET,0.0,1.0
MARGRETT,0.0,1.0
MARGUERITA,0.0,1.0
MARGUERITE,0.0,1.0
MARGURITE,0.0,1.0
MARGY,0.0,1.0
MARHTA,0.0,1.0
MARI,0.0,1.0
MARIA,0.006002400960384155,0.9939975990396159
MARIAH,0.0,1.0
MARIAM,0.0,1.0
MARIAN,0.0,1.0
MARIANA,0.0,1.0
MARIANELA,0.0,1.0
MARIANN,0.0,1.0
MARIANNA,0.0,1.0
MARIANNE,0.0,1.0
MARIANO,1.0,0.0
MARIBEL,0.0,1.0
MARIBETH,0.0,1.0
MARICA,0.0,1.0
MARICELA,0.0,1.0
MARICRUZ,0.0,1.0
MARIE,0.0,1.0
MARIEL,0.0,1.0
MARIELA,0.0,1.0
MARIELLA,0.0,1.0
MARIELLE,0.0,1.0
MARIETTA,0.0,1.0
MARIETTE,0.0,1.0
MARIKO,0.0,1.0
MARILEE,0.0,1.0
MARILOU,0.0,1.0
MARILU,0.0,1.0
MARILYN,0.0,1.0
MARILYNN,0.0,1.0
MARIN,0.0,1.0
MARINA,0.0,1.0
MARINDA,0.0,1.0
MARINE,0.0,1.0
MARIO,0.9842519685039369,0.015748031496062992
MARION,0.2823529411764706,0.7176470588235294
MARIS,0.0,1.0
MARISA,0.0,1.0
MARISELA,0.0,1.0
MARISHA,0.0,1.0
MARISOL,0.0,1.0
MARISSA,0.0,1.0
MARITA,0.0,1.0
MARITZA,0.0,1.0
MARIVEL,0.0,1.0
MARJORIE,0.0,1.0
MARJORY,0.0,1.0
MARK,0.9957537154989384,0.004246284501061572
MARKETTA,0.0,1.0
MARKITA,0.0,1.0
MARKUS,1.0,0.0
MARLA,0.0,1.0
MARLANA,0.0,1.0
MARLEEN,0.0,1.0
MARLEN,0.0,1.0
MARLENA,0.0,1.0
MARLENE,0.0,1.0
MARLIN,0.923076923076923,0.07692307692307691
MARLINE,0.0,1.0
MARLO,0.0,1.0
MARLON,1.0,0.0
MARLYN,0.0,1.0
MARLYS,0.0,1.0
MARNA,0.0,1.0
MARNI,0.0,1.0
MARNIE,0.0,1.0
MARQUERITE,0.0,1.0
MARQUETTA,0.0,1.0
MARQUIS,1.0,0.0
MARQUITA,0.0,1.0
MARQUITTA,0.0,1.0
MARRY,0.0,1.0
MARSHA,0.0,1.0
MARSHALL,0.98,0.02
MARTA,0.0,1.0
MARTH,0.0,1.0
MARTHA,0.0,1.0
MARTI,0.0,1.0
MARTIN,0.9908256880733944,0.009174311926605503
MARTINA,0.0,1.0
MARTINE,0.0,1.0
MARTY,0.8571428571428571,0.14285714285714285
MARVA,0.0,1.0
MARVEL,0.0,1.0
MARVELLA,0.0,1.0
MARVIN,1.0,0.0
MARVIS,0.0,1.0
MARX,0.0,1.0
MARY,0.003411675511751328,0.9965883244882486
MARYA,0.0,1.0
MARYALICE,0.0,1.0
MARYAM,0.0,1.0
MARYANN,0.0,1.0
MARYANNA,0.0,1.0
MARYANNE,0.0,1.0
MARYBELLE,0.0,1.0
MARYBETH,0.0,1.0
MARYELLEN,0.0,1.0
MARYETTA,0.0,1.0
MARYJANE,0.0,1.0
MARYJO,0.0,1.0
MARYLAND,0.0,1.0
MARYLEE,0.0,1.0
MARYLIN,0.0,1.0
MARYLN,0.0,1.0
MARYLOU,0.0,1.0
MARYLOUISE,0.0,1.0
MARYLYN,0.0,1.0
MARYLYNN,0.0,1.0
MARYROSE,0.0,1.0
MASAKO,0.0,1.0
MASON,1.0,0.0
MATHA,0.0,1.0
MATHEW,1.0,0.0
MATHILDA,0.0,1.0
MATHILDE,0.0,1.0
MATILDA,0.0,1.0
MATILDE,0.0,1.0
MATT,1.0,0.0
MATTHEW,0.9969650986342944,0.0030349013657056147
MATTIE,0.0,1.0
MAUD,0.0,1.0
MAUDE,0.0,1.0
MAUDIE,0.0,1.0
MAURA,0.0,1.0
MAUREEN,0.0,1.0
MAURICE,0.9797979797979798,0.020202020202020204
MAURICIO,1.0,0.0
MAURINE,0.0,1.0
MAURITA,0.0,1.0
MAURO,1.0,0.0
MAVIS,0.0,1.0
MAX,1.0,0.0
MAXIE,0.0,1.0
MAXIMA,0.0,1.0
MAXIMINA,0.0,1.0
MAXIMO,1.0,0.0
MAXINE,0.0,1.0
MAXWELL,1.0,0.0
MAY,0.0,1.0
MAYA,0.0,1.0
MAYBELL,0.0,1.0
MAYBELLE,0.0,1.0
MAYE,0.0,1.0
MAYME,0.0,1.0
MAYNARD,1.0,0.0
MAYOLA,0.0,1.0
MAYRA,0.0,1.0
MAZIE,0.0,1.0
MCKENZIE,0.0,1.0
MCKINLEY,1.0,0.0
MEAGAN,0.0,1.0
MEAGHAN,0.0,1.0
MECHELLE,0.0,1.0
MEDA,0.0,1.0
MEE,0.0,1.0
MEG,0.0,1.0
MEGAN,0.0,1.0
MEGGAN,0.0,1.0
MEGHAN,0.0,1.0
MEGHANN,0.0,1.0
MEI,0.0,1.0
MEL,1.0,0.0
MELAINE,0.0,1.0
MELANI,0.0,1.0
MELANIA,0.0,1.0
MELANIE,0.0,1.0
MELANY,0.0,1.0
MELBA,0.0,1.0
MELDA,0.0,1.0
MELIA,0.0,1.0
MELIDA,0.0,1.0
MELINA,0.0,1.0
MELINDA,0.0,1.0
MELISA,0.0,1.0
MELISSA,0.0,1.0
MELISSIA,0.0,1.0
MELITA,0.0,1.0
MELLIE,0.0,1.0
MELLISA,0.0,1.0
MELLISSA,0.0,1.0
MELODEE,0.0,1.0
MELODI,0.0,1.0
MELODIE,0.0,1.0
MELODY,0.0,1.0
MELONIE,0.0,1.0
MELONY,0.0,1.0
MELVA,0.0,1.0
MELVIN,0.9938650306748467,0.006134969325153374
MELVINA,0.0,1.0
MELYNDA,0.0,1.0
MENDY,0.0,1.0
MERCEDES,0.0,1.0
MERCEDEZ,0.0,1.0
MERCY,0.0,1.0
MEREDITH,0.0,1.0
MERI,0.0,1.0
MERIDETH,0.0,1.0
MERIDITH,0.0,1.0
MERILYN,0.0,1.0
MERISSA,0.0,1.0
MERLE,0.65625,0.34375
MERLENE,0.0,1.0
MERLIN,1.0,0.0
MERLYN,0.0,1.0
MERNA,0.0,1.0
MERRI,0.0,1.0
MERRIE,0.0,1.0
MERRILEE,0.0,1.0
MERRILL,0.9,0.1
MERRY,0.0,1.0
MERTIE,0.0,1.0
MERVIN,1.0,0.0
MERYL,0.0,1.0
META,0.0,1.0
MI,0.0,1.0
MIA,0.0,1.0
MICA,0.0,1.0
MICAELA,0.0,1.0
MICAH,0.8947368421052632,0.10526315789473685
MICHA,0.0,1.0
MICHAEL,0.9954562665656949,0.0045437334343051885
MICHAELA,0.0,1.0
MICHAELE,0.0,1.0
MICHAL,0.6666666666666666,0.3333333333333333
MICHALE,1.0,0.0
MICHEAL,0.984,0.015999999999999997
MICHEL,0.8571428571428571,0.14285714285714285
MICHELE,0.0,1.0
MICHELINA,0.0,1.0
MICHELINE,0.0,1.0
MICHELL,0.0,1.0
MICHELLE,0.0,1.0
MICHIKO,0.0,1.0
MICKEY,0.8,0.2
MICKI,0.0,1.0
MICKIE,0.0,1.0
MIESHA,0.0,1.0
MIGDALIA,0.0,1.0
MIGNON,0.0,1.0
MIGUEL,1.0,0.0
MIGUELINA,0.0,1.0
MIKA,0.0,1.0
MIKAELA,0.0,1.0
MIKE,0.9947368421052631,0.005263157894736843
MIKEL,1.0,0.0
MIKI,0.0,1.0
MIKKI,0.0,1.0
MILA,0.0,1.0
MILAGRO,0.0,1.0
MILAGROS,0.0,1.0
MILAN,1.0,0.0
MILDA,0.0,1.0
MILDRED,0.0,1.0
MILES,1.0,0.0
MILFORD,1.0,0.0
MILISSA,0.0,1.0
MILLARD,1.0,0.0
MILLICENT,0.0,1.0
MILLIE,0.0,1.0
MILLY,0.0,1.0
MILO,1.0,0.0
MILTON,1.0,0.0
MIMI,0.0,1.0
MIN,0.0,1.0
MINA,0.0,1.0
MINDA,0.0,1.0
MINDI,0.0,1.0
MINDY,0.0,1.0
MINERVA,0.0,1.0
MING,0.0,1.0
MINH,0.7142857142857142,0.2857142857142857
MINNA,0.0,1.0
MINNIE,0.0,1.0
MINTA,0.0,1.0
MIQUEL,1.0,0.0
MIRA,0.0,1.0
MIRANDA,0.0,1.0
MIREILLE,0.0,1.0
MIRELLA,0.0,1.0
MIREYA,0.0,1.0
MIRIAM,0.0,1.0
MIRIAN,0.0,1.0
MIRNA,0.0,1.0
MIRTA,0.0,1.0
MIRTHA,0.0,1.0
MISHA,0.0,1.0
MISS,0.0,1.0
MISSY,0.0,1.0
MISTI,0.0,1.0
MISTIE,0.0,1.0
MISTY,0.0,1.0
MITCH,1.0,0.0
MITCHEL,1.0,0.0
MITCHELL,0.9863013698630136,0.0136986301369863
MITSUE,0.0,1.0
MITSUKO,0.0,1.0
MITTIE,0.0,1.0
MITZI,0.0,1.0
MITZIE,0.0,1.0
MIYOKO,0.0,1.0
MODESTA,0.0,1.0
MODESTO,1.0,0.0
MOHAMED,1.0,0.0
MOHAMMAD,1.0,0.0
MOHAMMED,1.0,0.0
MOIRA,0.0,1.0
MOISES,1.0,0.0
MOLLIE,0.0,1.0
MOLLY,0.0,1.0
MONA,0.0,1.0
MONET,0.0,1.0
MONICA,0.0,1.0
MONIKA,0.0,1.0
MONIQUE,0.0,1.0
MONNIE,0.0,1.0
MONROE,1.0,0.0
MONSERRATE,0.0,1.0
MONTE,1.0,0.0
MONTY,1.0,0.0
MOON,0.0,1.0
MORA,0.0,1.0
MORGAN,0.44999999999999996,0.5499999999999999
MORIAH,0.0,1.0
MORRIS,1.0,0.0
MORTON,1.0,0.0
MOSE,1.0,0.0
MOSES,1.0,0.0
MOSHE,1.0,0.0
MOZELL,0.0,1.0
MOZELLA,0.0,1.0
MOZELLE,0.0,1.0
MUI,0.0,1.0
MUOI,0.0,1.0
MURIEL,0.0,1.0
MURRAY,1.0,0.0
MY,0.0,1.0
MYESHA,0.0,1.0
MYLES,1.0,0.0
MYONG,0.0,1.0
MYRA,0.0,1.0
MYRIAM,0.0,1.0
MYRL,0.0,1.0
MYRLE,0.0,1.0
MYRNA,0.0,1.0
MYRON,1.0,0.0
MYRTA,0.0,1.0
MYRTICE,0.0,1.0
MYRTIE,0.0,1.0
MYRTIS,0.0,1.0
MYRTLE,0.0,1.0
MYUNG,0.0,1.0
NA,0.0,1.0
NADA,0.0,1.0
NADENE,0.0,1.0
NADIA,0.0,1.0
NADINE,0.0,1.0
NAIDA,0.0,1.0
NAKESHA,0.0,1.0
NAKIA,0.0,1.0
NAKISHA,0.0,1.0
NAKITA,0.0,1.0
NAM,0.0,1.0
NAN,0.0,1.0
NANA,0.0,1.0
NANCEE,0.0,1.0
NANCEY,0.0,1.0
NANCI,0.0,1.0
NANCIE,0.0,1.0
NANCY,0.0,1.0
NANETTE,0.0,1.0
NANNETTE,0.0,1.0
NANNIE,0.0,1.0
NAOMA,0.0,1.0
NAOMI,0.0,1.0
NAPOLEON,1.0,0.0
NARCISA,0.0,1.0
NATACHA,0.0,1.0
NATALIA,0.0,1.0
NATALIE,0.0,1.0
NATALYA,0.0,1.0
NATASHA,0.0,1.0
NATASHIA,0.0,1.0
NATHALIE,0.0,1.0
NATHAN,1.0,0.0
NATHANAEL,1.0,0.0
NATHANIAL,1.0,0.0
NATHANIEL,1.0,0.0
NATISHA,0.0,1.0
NATIVIDAD,0.0,1.0
NATOSHA,0.0,1.0
NEAL,1.0,0.0
NECOLE,0.0,1.0
NED,1.0,0.0
NEDA,0.0,1.0
NEDRA,0.0,1.0
NEELY,0.0,1.0
NEIDA,0.0,1.0
NEIL,1.0,0.0
NELDA,0.0,1.0
NELIA,0.0,1.0
NELIDA,0.0,1.0
NELL,0.0,1.0
NELLA,0.0,1.0
NELLE,0.0,1.0
NELLIE,0.0,1.0
NELLY,0.0,1.0
NELSON,1.0,0.0
NENA,0.0,1.0
NENITA,0.0,1.0
NEOMA,0.0,1.0
NEOMI,0.0,1.0
NEREIDA,0.0,1.0
NERISSA,0.0,1.0
NERY,0.0,1.0
NESTOR,1.0,0.0
NETA,0.0,1.0
NETTIE,0.0,1.0
NEVA,0.0,1.0
NEVADA,0.0,1.0
NEVILLE,1.0,0.0
NEWTON,1.0,0.0
NGA,0.0,1.0
NGAN,0.0,1.0
NGOC,0.0,1.0
NGUYET,0.0,1.0
NIA,0.0,1.0
NICHELLE,0.0,1.0
NICHOL,0.0,1.0
NICHOLAS,1.0,0.0
NICHOLE,0.0,1.0
NICHOLLE,0.0,1.0
NICK,1.0,0.0
NICKI,0.0,1.0
NICKIE,0.0,1.0
NICKOLAS,1.0,0.0
NICKOLE,0.0,1.0
NICKY,0.6666666666666666,0.3333333333333333
NICOL,0.0,1.0
NICOLA,0.0,1.0
NICOLAS,1.0,0.0
NICOLASA,0.0,1.0
NICOLE,0.0,1.0
NICOLETTE,0.0,1.0
NICOLLE,0.0,1.0
NIDA,0.0,1.0
NIDIA,0.0,1.0
NIESHA,0.0,1.0
NIEVES,0.0,1.0
NIGEL,1.0,0.0
NIKI,0.0,1.0
NIKIA,0.0,1.0
NIKITA,0.0,1.0
NIKKI,0.0,1.0
NIKOLE,0.0,1.0
NILA,0.0,1.0
NILDA,0.0,1.0
NILSA,0.0,1.0
NINA,0.0,1.0
NINFA,0.0,1.0
NISHA,0.0,1.0
NITA,0.0,1.0
NOAH,1.0,0.0
NOBLE,1.0,0.0
NOBUKO,0.0,1.0
NOE,1.0,0.0
NOEL,0.8333333333333334,0.16666666666666669
NOELIA,0.0,1.0
NOELLA,0.0,1.0
NOELLE,0.0,1.0
NOEMI,0.0,1.0
NOHEMI,0.0,1.0
NOLA,0.0,1.0
NOLAN,1.0,0.0
NOMA,0.0,1.0
NONA,0.0,1.0
NORA,0.0,1.0
NORAH,0.0,1.0
NORBERT,1.0,0.0
NORBERTO,1.0,0.0
NOREEN,0.0,1.0
NORENE,0.0,1.0
NORIKO,0.0,1.0
NORINE,0.0,1.0
NORMA,0.0,1.0
NORMAN,0.9888268156424581,0.011173184357541902
NORMAND,1.0,0.0
NORRIS,1.0,0.0
NOVA,0.0,1.0
NOVELLA,0.0,1.0
NU,0.0,1.0
NUBIA,0.0,1.0
NUMBERS,0.7272727272727273,0.2727272727272727
NYDIA,0.0,1.0
NYLA,0.0,1.0
OBDULIA,0.0,1.0
OCIE,0.0,1.0
OCTAVIA,0.0,1.0
OCTAVIO,1.0,0.0
ODA,0.0,1.0
ODELIA,0.0,1.0
ODELL,0.7692307692307692,0.23076923076923075
ODESSA,0.0,1.0
ODETTE,0.0,1.0
ODILIA,0.0,1.0
ODIS,1.0,0.0
OFELIA,0.0,1.0
OK,0.0,1.0
OLA,0.0,1.0
OLEN,1.0,0.0
OLENE,0.0,1.0
OLETA,0.0,1.0
OLEVIA,0.0,1.0
OLGA,0.0,1.0
OLIMPIA,0.0,1.0
OLIN,1.0,0.0
OLINDA,0.0,1.0
OLIVA,0.0,1.0
OLIVE,0.0,1.0
OLIVER,1.0,0.0
OLIVIA,0.0,1.0
OLLIE,0.27027027027027023,0.7297297297297298
OLYMPIA,0.0,1.0
OMA,0.0,1.0
OMAR,1.0,0.0
OMEGA,0.0,1.0
OMER,1.0,0.0
ONA,0.0,1.0
ONEIDA,0.0,1.0
ONIE,0.0,1.0
ONITA,0.0,1.0
OPAL,0.0,1.0
OPHELIA,0.0,1.0
ORA,0.0,1.0
ORALEE,0.0,1.0
ORALIA,0.0,1.0
OREN,1.0,0.0
ORETHA,0.0,1.0
ORLANDO,1.0,0.0
ORPHA,0.0,1.0
ORVAL,1.0,0.0
ORVILLE,1.0,0.0
OSCAR,0.991869918699187,0.008130081300813009
OSSIE,0.0,1.0
OSVALDO,1.0,0.0
OSWALDO,1.0,0.0
OTELIA,0.0,1.0
OTHA,0.8,0.2
OTILIA,0.0,1.0
OTIS,1.0,0.0
OTTO,1.0,0.0
OUIDA,0.0,1.0
OWEN,1.0,0.0
OZELL,0.0,1.0
OZELLA,0.0,1.0
OZIE,0.0,1.0
PA,0.0,1.0
PABLO,1.0,0.0
PAGE,0.0,1.0
PAIGE,0.0,1.0
PALMA,0.0,1.0
PALMER,1.0,0.0
PALMIRA,0.0,1.0
PAM,0.0,1.0
PAMALA,0.0,1.0
PAMELA,0.0,1.0
PAMELIA,0.0,1.0
PAMELLA,0.0,1.0
PAMILA,0.0,1.0
PAMULA,0.0,1.0
PANDORA,0.0,1.0
PANSY,0.0,1.0
PAOLA,0.0,1.0
PARIS,0.5714285714285714,0.42857142857142855
PARKER,1.0,0.0
PARTHENIA,0.0,1.0
PARTICIA,0.0,1.0
PASQUALE,1.0,0.0
PASTY,0.0,1.0
PAT,0.3548387096774194,0.6451612903225805
PATIENCE,0.0,1.0
PATRIA,0.0,1.0
PATRICA,0.0,1.0
PATRICE,0.0,1.0
PATRICIA,0.0037140204271123496,0.9962859795728877
PATRICK,0.9923469387755103,0.007653061224489797
PATRINA,0.0,1.0
PATSY,0.0,1.0
PATTI,0.0,1.0
PATTIE,0.0,1.0
PATTY,0.0,1.0
PAUL,0.9968454258675078,0.003154574132492114
PAULA,0.0,1.0
PAULENE,0.0,1.0
PAULETTA,0.0,1.0
PAULETTE,0.0,1.0
PAULINA,0.0,1.0
PAULINE,0.0,1.0
PAULITA,0.0,1.0
PAZ,0.0,1.0
PEARL,0.0,1.0
PEARLE,0.0,1.0
PEARLENE,0.0,1.0
PEARLIE,0.0,1.0
PEARLINE,0.0,1.0
PEARLY,0.0,1.0
PEDRO,1.0,0.0
PEG,0.0,1.0
PEGGIE,0.0,1.0
PEGGY,0.0,1.0
PEI,0.0,1.0
PENELOPE,0.0,1.0
PENNEY,0.0,1.0
PENNI,0.0,1.0
PENNIE,0.0,1.0
PENNY,0.0,1.0
PERCY,1.0,0.0
PERLA,0.0,1.0
PERRY,0.9607843137254901,0.0392156862745098
PETE,1.0,0.0
PETER,0.9973821989528796,0.002617801047120419
PETRA,0.0,1.0
PETRINA,0.0,1.0
PETRONILA,0.0,1.0
PHEBE,0.0,1.0
PHIL,1.0,0.0
PHILIP,1.0,0.0
PHILLIP,1.0,0.0
PHILLIS,0.0,1.0
PHILOMENA,0.0,1.0
PHOEBE,0.0,1.0
PHUNG,0.0,1.0
PHUONG,0.0,1.0
PHYLICIA,0.0,1.0
PHYLIS,0.0,1.0
PHYLISS,0.0,1.0
PHYLLIS,0.0,1.0
PIA,0.0,1.0
PIEDAD,0.0,1.0
PIERRE,1.0,0.0
PILAR,0.0,1.0
PING,0.0,1.0
PINKIE,0.0,1.0
PIPER,0.0,1.0
POK,0.0,1.0
POLLY,0.0,1.0
PORFIRIO,1.0,0.0
PORSCHE,0.0,1.0
PORSHA,0.0,1.0
PORTER,1.0,0.0
PORTIA,0.0,1.0
PRECIOUS,0.0,1.0
PRESTON,1.0,0.0
PRICILLA,0.0,1.0
PRINCE,1.0,0.0
PRINCESS,0.0,1.0
PRISCILA,0.0,1.0
PRISCILLA,0.0,1.0
PROVIDENCIA,0.0,1.0
PRUDENCE,0.0,1.0
PURA,0.0,1.0
QIANA,0.0,1.0
QUEEN,0.0,1.0
QUEENIE,0.0,1.0
QUENTIN,1.0,0.0
QUIANA,0.0,1.0
QUINCY,1.0,0.0
QUINN,0.8333333333333334,0.16666666666666669
QUINTIN,1.0,0.0
QUINTON,1.0,0.0
QUYEN,0.0,1.0
RACHAEL,0.0,1.0
RACHAL,0.0,1.0
RACHEAL,0.0,1.0
RACHEL,0.0,1.0
RACHELE,0.0,1.0
RACHELL,0.0,1.0
RACHELLE,0.0,1.0
RACQUEL,0.0,1.0
RAE,0.0,1.0
RAEANN,0.0,1.0
RAELENE,0.0,1.0
RAFAEL,1.0,0.0
RAFAELA,0.0,1.0
RAGUEL,0.0,1.0
RAINA,0.0,1.0
RAISA,0.0,1.0
RALEIGH,1.0,0.0
RALPH,1.0,0.0
RAMIRO,1.0,0.0
RAMON,1.0,0.0
RAMONA,0.0,1.0
RAMONITA,0.0,1.0
RANA,0.0,1.0
RANAE,0.0,1.0
RANDA,0.0,1.0
RANDAL,1.0,0.0
RANDALL,1.0,0.0
RANDEE,0.0,1.0
RANDELL,1.0,0.0
RANDI,0.0,1.0
RANDOLPH,1.0,0.0
RANDY,0.9872340425531915,0.01276595744680851
RANEE,0.0,1.0
RAPHAEL,1.0,0.0
RAQUEL,0.0,1.0
RASHAD,1.0,0.0
RASHEEDA,0.0,1.0
RASHIDA,0.0,1.0
RAUL,1.0,0.0
RAVEN,0.0,1.0
RAY,0.9683544303797469,0.03164556962025317
RAYE,0.0,1.0
RAYFORD,1.0,0.0
RAYLENE,0.0,1.0
RAYMON,1.0,0.0
RAYMOND,0.9979550102249489,0.0020449897750511254
RAYMONDE,0.0,1.0
RAYMUNDO,1.0,0.0
RAYNA,0.0,1.0
REA,0.0,1.0
REAGAN,0.0,1.0
REANNA,0.0,1.0
REATHA,0.0,1.0
REBA,0.0,1.0
REBBECA,0.0,1.0
REBBECCA,0.0,1.0
REBECA,0.0,1.0
REBECCA,0.0,1.0
REBECKA,0.0,1.0
REBEKAH,0.0,1.0
REDA,0.0,1.0
REED,1.0,0.0
REENA,0.0,1.0
REFUGIA,0.0,1.0
REFUGIO,0.75,0.25
REGAN,0.0,1.0
REGENA,0.0,1.0
REGENIA,0.0,1.0
REGGIE,1.0,0.0
REGINA,0.0,1.0
REGINALD,1.0,0.0
REGINE,0.0,1.0
REGINIA,0.0,1.0
REID,1.0,0.0
REIKO,0.0,1.0
REINA,0.0,1.0
REINALDO,1.0,0.0
REITA,0.0,1.0
REMA,0.0,1.0
REMEDIOS,0.0,1.0
REMONA,0.0,1.0
RENA,0.0,1.0
RENAE,0.0,1.0
RENALDO,1.0,0.0
RENATA,0.0,1.0
RENATE,0.0,1.0
RENATO,1.0,0.0
RENAY,0.0,1.0
RENDA,0.0,1.0
RENE,0.75,0.25
RENEA,0.0,1.0
RENEE,0.0,1.0
RENETTA,0.0,1.0
RENITA,0.0,1.0
RENNA,0.0,1.0
RESSIE,0.0,1.0
RETA,0.0,1.0
RETHA,0.0,1.0
RETTA,0.0,1.0
REUBEN,1.0,0.0
REVA,0.0,1.0
REX,1.0,0.0
REY,1.0,0.0
REYES,1.0,0.0
REYNA,0.0,1.0
REYNALDA,0.0,1.0
REYNALDO,1.0,0.0
RHEA,0.0,1.0
RHEBA,0.0,1.0
RHETT,1.0,0.0
RHIANNON,0.0,1.0
RHODA,0.0,1.0
RHONA,0.0,1.0
RHONDA,0.0,1.0
RIA,0.0,1.0
RICARDA,0.0,1.0
RICARDO,1.0,0.0
RICH,1.0,0.0
RICHARD,0.9976567076742825,0.0023432923257176337
RICHELLE,0.0,1.0
RICHIE,1.0,0.0
RICK,1.0,0.0
RICKEY,1.0,0.0
RICKI,0.0,1.0
RICKIE,0.9166666666666667,0.08333333333333333
RICKY,1.0,0.0
RICO,1.0,0.0
RIGOBERTO,1.0,0.0
RIKKI,0.0,1.0
RILEY,1.0,0.0
RIMA,0.0,1.0
RINA,0.0,1.0
RISA,0.0,1.0
RITA,0.0,1.0
RIVA,0.0,1.0
RIVKA,0.0,1.0
ROB,1.0,0.0
ROBBI,0.0,1.0
ROBBIE,0.4848484848484849,0.5151515151515151
ROBBIN,0.0,1.0
ROBBY,1.0,0.0
ROBBYN,0.0,1.0
ROBENA,0.0,1.0
ROBERT,0.9974611234528722,0.0025388765471278966
ROBERTA,0.0,1.0
ROBERTO,0.9897959183673469,0.010204081632653062
ROBIN,0.13333333333333333,0.8666666666666667
ROBT,1.0,0.0
ROBYN,0.0,1.0
ROCCO,1.0,0.0
ROCHEL,0.0,1.0
ROCHELL,0.0,1.0
ROCHELLE,0.0,1.0
ROCIO,0.0,1.0
ROCKY,1.0,0.0
ROD,1.0,0.0
RODERICK,1.0,0.0
RODGER,1.0,0.0
RODNEY,1.0,0.0
RODOLFO,1.0,0.0
RODRICK,1.0,0.0
RODRIGO,1.0,0.0
ROGELIO,1.0,0.0
ROGER,1.0,0.0
ROLAND,1.0,0.0
ROLANDA,0.0,1.0
ROLANDE,0.0,1.0
ROLANDO,1.0,0.0
ROLF,1.0,0.0
ROLLAND,1.0,0.0
ROMA,0.0,1.0
ROMAINE,0.0,1.0
ROMAN,1.0,0.0
ROMANA,0.0,1.0
ROMELIA,0.0,1.0
ROMEO,1.0,0.0
ROMONA,0.0,1.0
RON,1.0,0.0
RONA,0.0,1.0
RONALD,0.9972489683631361,0.0027510316368638244
RONDA,0.0,1.0
RONI,0.0,1.0
RONNA,0.0,1.0
RONNI,0.0,1.0
RONNIE,0.9658119658119657,0.03418803418803419
RONNY,1.0,0.0
ROOSEVELT,1.0,0.0
RORY,0.923076923076923,0.07692307692307691
ROSA,0.0,1.0
ROSALBA,0.0,1.0
ROSALEE,0.0,1.0
ROSALIA,0.0,1.0
ROSALIE,0.0,1.0
ROSALINA,0.0,1.0
ROSALIND,0.0,1.0
ROSALINDA,0.0,1.0
ROSALINE,0.0,1.0
ROSALVA,0.0,1.0
ROSALYN,0.0,1.0
ROSAMARIA,0.0,1.0
ROSAMOND,0.0,1.0
ROSANA,0.0,1.0
ROSANN,0.0,1.0
ROSANNA,0.0,1.0
ROSANNE,0.0,1.0
ROSARIA,0.0,1.0
ROSARIO,0.2,0.8
ROSAURA,0.0,1.0
ROSCOE,1.0,0.0
ROSE,0.0,1.0
ROSEANN,0.0,1.0
ROSEANNA,0.0,1.0
ROSEANNE,0.0,1.0
ROSELEE,0.0,1.0
ROSELIA,0.0,1.0
ROSELINE,0.0,1.0
ROSELLA,0.0,1.0
ROSELLE,0.0,1.0
ROSELYN,0.0,1.0
ROSEMARIE,0.0,1.0
ROSEMARY,0.0,1.0
ROSENA,0.0,1.0
ROSENDA,0.0,1.0
ROSENDO,1.0,0.0
ROSETTA,0.0,1.0
ROSETTE,0.0,1.0
ROSIA,0.0,1.0
ROSIE,0.0,1.0
ROSINA,0.0,1.0
ROSIO,0.0,1.0
ROSITA,0.0,1.0
ROSLYN,0.0,1.0
ROSS,1.0,0.0
ROSSANA,0.0,1.0
ROSSIE,0.0,1.0
ROSY,0.0,1.0
ROWENA,0.0,1.0
ROXANA,0.0,1.0
ROXANE,0.0,1.0
ROXANN,0.0,1.0
ROXANNA,0.0,1.0
ROXANNE,0.0,1.0
ROXIE,0.0,1.0
ROXY,0.0,1.0
ROY,0.9963503649635036,0.0036496350364963502
ROYAL,1.0,0.0
ROYCE,0.9411764705882353,0.058823529411764705
ROZANNE,0.0,1.0
ROZELLA,0.0,1.0
RUBEN,1.0,0.0
RUBI,0.0,1.0
RUBIE,0.0,1.0
RUBIN,1.0,0.0
RUBY,0.0,1.0
RUBYE,0.0,1.0
RUDOLF,1.0,0.0
RUDOLPH,1.0,0.0
RUDY,0.9444444444444444,0.05555555555555556
RUEBEN,1.0,0.0
RUFINA,0.0,1.0
RUFUS,1.0,0.0
RUPERT,1.0,0.0
RUSS,1.0,0.0
RUSSEL,1.0,0.0
RUSSELL,0.9955555555555555,0.004444444444444445
RUSTY,1.0,0.0
RUTH,0.0,1.0
RUTHA,0.0,1.0
RUTHANN,0.0,1.0
RUTHANNE,0.0,1.0
RUTHE,0.0,1.0
RUTHIE,0.0,1.0
RYAN,0.9820359281437125,0.017964071856287428
RYANN,0.0,1.0
SABINA,0.0,1.0
SABINE,0.0,1.0
SABRA,0.0,1.0
SABRINA,0.0,1.0
SACHA,0.0,1.0
SACHIKO,0.0,1.0
SADE,0.0,1.0
SADIE,0.0,1.0
SADYE,0.0,1.0
SAGE,0.0,1.0
SAL,1.0,0.0
SALENA,0.0,1.0
SALINA,0.0,1.0
SALLEY,0.0,1.0
SALLIE,0.0,1.0
SALLY,0.0,1.0
SALOME,0.0,1.0
SALVADOR,1.0,0.0
SALVATORE,1.0,0.0
SAM,0.9787234042553191,0.02127659574468085
SAMANTHA,0.0,1.0
SAMARA,0.0,1.0
SAMATHA,0.0,1.0
SAMELLA,0.0,1.0
SAMIRA,0.0,1.0
SAMMIE,0.7058823529411764,0.29411764705882354
SAMMY,0.9615384615384615,0.03846153846153846
SAMUAL,1.0,0.0
SAMUEL,0.996742671009772,0.0032573289902280136
SANA,0.0,1.0
SANDA,0.0,1.0
SANDEE,0.0,1.0
SANDI,0.0,1.0
SANDIE,0.0,1.0
SANDRA,0.0,1.0
SANDY,0.11290322580645161,0.8870967741935485
SANFORD,1.0,0.0
SANG,0.75,0.25
SANJUANA,0.0,1.0
SANJUANITA,0.0,1.0
SANORA,0.0,1.0
SANTA,0.0,1.0
SANTANA,0.0,1.0
SANTIAGO,1.0,0.0
SANTINA,0.0,1.0
SANTO,1.0,0.0
SANTOS,0.8260869565217391,0.1739130434782609
SARA,0.0,1.0
SARAH,0.0,1.0
SARAI,0.0,1.0
SARAN,0.0,1.0
SARI,0.0,1.0
SARINA,0.0,1.0
SARITA,0.0,1.0
SASHA,0.0,1.0
SATURNINA,0.0,1.0
SAU,0.0,1.0
SAUL,1.0,0.0
SAUNDRA,0.0,1.0
SAVANNA,0.0,1.0
SAVANNAH,0.0,1.0
SCARLET,0.0,1.0
SCARLETT,0.0,1.0
SCOT,1.0,0.0
SCOTT,0.9963503649635036,0.0036496350364963502
SCOTTIE,0.875,0.12500000000000003
SCOTTY,1.0,0.0
SEAN,0.9899497487437185,0.010050251256281407
SEASON,0.0,1.0
SEBASTIAN,1.0,0.0
SEBRINA,0.0,1.0
SEE,0.0,1.0
SEEMA,0.0,1.0
SELENA,0.0,1.0
SELENE,0.0,1.0
SELINA,0.0,1.0
SELMA,0.0,1.0
SENA,0.0,1.0
SENAIDA,0.0,1.0
SEPTEMBER,0.0,1.0
SERAFINA,0.0,1.0
SERENA,0.0,1.0
SERGIO,1.0,0.0
SERINA,0.0,1.0
SERITA,0.0,1.0
SETH,1.0,0.0
SETSUKO,0.0,1.0
SEYMOUR,1.0,0.0
SHA,0.0,1.0
SHAD,1.0,0.0
SHAE,0.0,1.0
SHAINA,0.0,1.0
SHAKIA,0.0,1.0
SHAKIRA,0.0,1.0
SHAKITA,0.0,1.0
SHALA,0.0,1.0
SHALANDA,0.0,1.0
SHALON,0.0,1.0
SHALONDA,0.0,1.0
SHAMEKA,0.0,1.0
SHAMIKA,0.0,1.0
SHAN,0.0,1.0
SHANA,0.0,1.0
SHANAE,0.0,1.0
SHANDA,0.0,1.0
SHANDI,0.0,1.0
SHANDRA,0.0,1.0
SHANE,0.9789473684210526,0.021052631578947364
SHANEKA,0.0,1.0
SHANEL,0.0,1.0
SHANELL,0.0,1.0
SHANELLE,0.0,1.0
SHANI,0.0,1.0
SHANICE,0.0,1.0
SHANIKA,0.0,1.0
SHANIQUA,0.0,1.0
SHANITA,0.0,1.0
SHANNA,0.0,1.0
SHANNAN,0.0,1.0
SHANNON,0.18604651162790697,0.8139534883720929
SHANON,0.0,1.0
SHANTA,0.0,1.0
SHANTAE,0.0,1.0
SHANTAY,0.0,1.0
SHANTE,0.0,1.0
SHANTEL,0.0,1.0
SHANTELL,0.0,1.0
SHANTELLE,0.0,1.0
SHANTI,0.0,1.0
SHAQUANA,0.0,1.0
SHAQUITA,0.0,1.0
SHARA,0.0,1.0
SHARAN,0.0,1.0
SHARDA,0.0,1.0
SHAREE,0.0,1.0
SHARELL,0.0,1.0
SHAREN,0.0,1.0
SHARI,0.0,1.0
SHARICE,0.0,1.0
SHARIE,0.0,1.0
SHARIKA,0.0,1.0
SHARILYN,0.0,1.0
SHARITA,0.0,1.0
SHARLA,0.0,1.0
SHARLEEN,0.0,1.0
SHARLENE,0.0,1.0
SHARMAINE,0.0,1.0
SHAROLYN,0.0,1.0
SHARON,0.0,1.0
SHARONDA,0.0,1.0
SHARRI,0.0,1.0
SHARRON,0.0,1.0
SHARYL,0.0,1.0
SHARYN,0.0,1.0
SHASTA,0.0,1.0
SHAUN,0.9512195121951219,0.04878048780487805
SHAUNA,0.0,1.0
SHAUNDA,0.0,1.0
SHAUNNA,0.0,1.0
SHAUNTA,0.0,1.0
SHAUNTE,0.0,1.0
SHAVON,0.0,1.0
SHAVONDA,0.0,1.0
SHAVONNE,0.0,1.0
SHAWANA,0.0,1.0
SHAWANDA,0.0,1.0
SHAWANNA,0.0,1.0
SHAWN,0.8928571428571428,0.10714285714285714
SHAWNA,0.0,1.0
SHAWNDA,0.0,1.0
SHAWNEE,0.0,1.0
SHAWNNA,0.0,1.0
SHAWNTA,0.0,1.0
SHAY,0.0,1.0
SHAYLA,0.0,1.0
SHAYNA,0.0,1.0
SHAYNE,0.8,0.2
SHEA,0.0,1.0
SHEBA,0.0,1.0
SHEENA,0.0,1.0
SHEILA,0.0,1.0
SHEILAH,0.0,1.0
SHELA,0.0,1.0
SHELBA,0.0,1.0
SHELBY,0.3055555555555556,0.6944444444444444
SHELDON,1.0,0.0
SHELIA,0.0,1.0
SHELLA,0.0,1.0
SHELLEY,0.0,1.0
SHELLI,0.0,1.0
SHELLIE,0.0,1.0
SHELLY,0.0,1.0
SHELTON,1.0,0.0
SHEMEKA,0.0,1.0
SHEMIKA,0.0,1.0
SHENA,0.0,1.0
SHENIKA,0.0,1.0
SHENITA,0.0,1.0
SHENNA,0.0,1.0
SHERA,0.0,1.0
SHEREE,0.0,1.0
SHERELL,0.0,1.0
SHERI,0.0,1.0
SHERICE,0.0,1.0
SHERIDAN,0.0,1.0
SHERIE,0.0,1.0
SHERIKA,0.0,1.0
SHERILL,0.0,1.0
SHERILYN,0.0,1.0
SHERISE,0.0,1.0
SHERITA,0.0,1.0
SHERLENE,0.0,1.0
SHERLEY,0.0,1.0
SHERLY,0.0,1.0
SHERLYN,0.0,1.0
SHERMAN,1.0,0.0
SHERON,0.0,1.0
SHERRELL,0.0,1.0
SHERRI,0.0,1.0
SHERRIE,0.0,1.0
SHERRIL,0.0,1.0
SHERRILL,0.0,1.0
SHERRON,0.0,1.0
SHERRY,0.0,1.0
SHERRYL,0.0,1.0
SHERWOOD,1.0,0.0
SHERY,0.0,1.0
SHERYL,0.0,1.0
SHERYLL,0.0,1.0
SHIELA,0.0,1.0
SHILA,0.0,1.0
SHILOH,0.0,1.0
SHIN,0.0,1.0
SHIRA,0.0,1.0
SHIRELY,0.0,1.0
SHIRL,0.0,1.0
SHIRLEE,0.0,1.0
SHIRLEEN,0.0,1.0
SHIRLENE,0.0,1.0
SHIRLEY,0.01026694045174538,0.9897330595482546
SHIRLY,0.0,1.0
SHIZUE,0.0,1.0
SHIZUKO,0.0,1.0
SHON,1.0,0.0
SHONA,0.0,1.0
SHONDA,0.0,1.0
SHONDRA,0.0,1.0
SHONNA,0.0,1.0
SHONTA,0.0,1.0
SHOSHANA,0.0,1.0
SHU,0.0,1.0
SHYLA,0.0,1.0
SIBYL,0.0,1.0
SID,1.0,0.0
SIDNEY,0.9285714285714286,0.07142857142857142
SIERRA,0.0,1.0
SIGNE,0.0,1.0
SIGRID,0.0,1.0
SILAS,1.0,0.0
SILVA,0.0,1.0
SILVANA,0.0,1.0
SILVIA,0.0,1.0
SIMA,0.0,1.0
SIMON,1.0,0.0
SIMONA,0.0,1.0
SIMONE,0.0,1.0
SIMONNE,0.0,1.0
SINA,0.0,1.0
SINDY,0.0,1.0
SIOBHAN,0.0,1.0
SIRENA,0.0,1.0
SIU,0.0,1.0
SIXTA,0.0,1.0
SKYE,0.0,1.0
SLYVIA,0.0,1.0
SO,0.0,1.0
SOCORRO,0.0,1.0
SOFIA,0.0,1.0
SOILA,0.0,1.0
SOL,0.8333333333333334,0.16666666666666669
SOLANGE,0.0,1.0
SOLEDAD,0.0,1.0
SOLOMON,1.0,0.0
SOMER,0.0,1.0
SOMMER,0.0,1.0
SON,0.8571428571428571,0.14285714285714285
SONA,0.0,1.0
SONDRA,0.0,1.0
SONG,0.0,1.0
SONIA,0.0,1.0
SONJA,0.0,1.0
SONNY,1.0,0.0
SONYA,0.0,1.0
SOO,0.0,1.0
SOOK,0.0,1.0
SOON,0.0,1.0
SOPHIA,0.0,1.0
SOPHIE,0.0,1.0
SORAYA,0.0,1.0
SPARKLE,0.0,1.0
SPENCER,1.0,0.0
SPRING,0.0,1.0
STACEE,0.0,1.0
STACEY,0.09821428571428574,0.9017857142857142
STACI,0.0,1.0
STACIA,0.0,1.0
STACIE,0.0,1.0
STACY,0.12318840579710147,0.8768115942028986
STAN,1.0,0.0
STANFORD,1.0,0.0
STANLEY,1.0,0.0
STANTON,1.0,0.0
STAR,0.0,1.0
STARLA,0.0,1.0
STARR,0.0,1.0
STASIA,0.0,1.0
STEFAN,1.0,0.0
STEFANI,0.0,1.0
STEFANIA,0.0,1.0
STEFANIE,0.0,1.0
STEFANY,0.0,1.0
STEFFANIE,0.0,1.0
STELLA,0.0,1.0
STEPANIE,0.0,1.0
STEPHAINE,0.0,1.0
STEPHAN,1.0,0.0
STEPHANE,0.0,1.0
STEPHANI,0.0,1.0
STEPHANIA,0.0,1.0
STEPHANIE,0.0,1.0
STEPHANY,0.0,1.0
STEPHEN,0.9963099630996309,0.0036900369003690036
STEPHENIE,0.0,1.0
STEPHINE,0.0,1.0
STEPHNIE,0.0,1.0
STERLING,1.0,0.0
STEVE,1.0,0.0
STEVEN,0.9974424552429667,0.0025575447570332483
STEVIE,0.7777777777777778,0.22222222222222227
STEWART,1.0,0.0
STORMY,0.0,1.0
STUART,1.0,0.0
SU,0.0,1.0
SUANNE,0.0,1.0
SUDIE,0.0,1.0
SUE,0.0,1.0
SUEANN,0.0,1.0
SUELLEN,0.0,1.0
SUK,0.0,1.0
SULEMA,0.0,1.0
SUMIKO,0.0,1.0
SUMMER,0.0,1.0
SUN,0.0,1.0
SUNDAY,0.0,1.0
SUNG,0.7142857142857142,0.2857142857142857
SUNNI,0.0,1.0
SUNNY,0.0,1.0
SUNSHINE,0.0,1.0
SUSAN,0.0,1.0
SUSANA,0.0,1.0
SUSANN,0.0,1.0
SUSANNA,0.0,1.0
SUSANNAH,0.0,1.0
SUSANNE,0.0,1.0
SUSIE,0.0,1.0
SUSY,0.0,1.0
SUZAN,0.0,1.0
SUZANN,0.0,1.0
SUZANNA,0.0,1.0
SUZANNE,0.0,1.0
SUZETTE,0.0,1.0
SUZI,0.0,1.0
SUZIE,0.0,1.0
SUZY,0.0,1.0
SVETLANA,0.0,1.0
SYBIL,0.0,1.0
SYBLE,0.0,1.0
SYDNEY,0.46666666666666656,0.5333333333333333
SYLVESTER,1.0,0.0
SYLVIA,0.0,1.0
SYLVIE,0.0,1.0
SYNTHIA,0.0,1.0
SYREETA,0.0,1.0
TA,0.0,1.0
TABATHA,0.0,1.0
TABETHA,0.0,1.0
TABITHA,0.0,1.0
TAD,1.0,0.0
TAI,0.0,1.0
TAINA,0.0,1.0
TAISHA,0.0,1.0
TAJUANA,0.0,1.0
TAKAKO,0.0,1.0
TAKISHA,0.0,1.0
TALIA,0.0,1.0
TALISHA,0.0,1.0
TALITHA,0.0,1.0
TAM,0.0,1.0
TAMA,0.0,1.0
TAMALA,0.0,1.0
TAMAR,0.0,1.0
TAMARA,0.0,1.0
TAMATHA,0.0,1.0
TAMBRA,0.0,1.0
TAMEIKA,0.0,1.0
TAMEKA,0.0,1.0
TAMEKIA,0.0,1.0
TAMELA,0.0,1.0
TAMERA,0.0,1.0
TAMESHA,0.0,1.0
TAMI,0.0,1.0
TAMICA,0.0,1.0
TAMIE,0.0,1.0
TAMIKA,0.0,1.0
TAMIKO,0.0,1.0
TAMISHA,0.0,1.0
TAMMARA,0.0,1.0
TAMMERA,0.0,1.0
TAMMI,0.0,1.0
TAMMIE,0.0,1.0
TAMMY,0.0,1.0
TAMRA,0.0,1.0
TANA,0.0,1.0
TANDRA,0.0,1.0
TANDY,0.0,1.0
TANEKA,0.0,1.0
TANESHA,0.0,1.0
TANGELA,0.0,1.0
TANIA,0.0,1.0
TANIKA,0.0,1.0
TANISHA,0.0,1.0
TANJA,0.0,1.0
TANNA,0.0,1.0
TANNER,1.0,0.0
TANYA,0.0,1.0
TARA,0.0,1.0
TARAH,0.0,1.0
TAREN,0.0,1.0
TARI,0.0,1.0
TARRA,0.0,1.0
TARSHA,0.0,1.0
TARYN,0.0,1.0
TASHA,0.0,1.0
TASHIA,0.0,1.0
TASHINA,0.0,1.0
TASIA,0.0,1.0
TATIANA,0.0,1.0
TATUM,0.0,1.0
TATYANA,0.0,1.0
TAUNYA,0.0,1.0
TAWANA,0.0,1.0
TAWANDA,0.0,1.0
TAWANNA,0.0,1.0
TAWNA,0.0,1.0
TAWNY,0.0,1.0
TAWNYA,0.0,1.0
TAYLOR,0.6666666666666666,0.3333333333333333
TAYNA,0.0,1.0
TED,1.0,0.0
TEDDY,1.0,0.0
TEENA,0.0,1.0
TEGAN,0.0,1.0
TEISHA,0.0,1.0
TELMA,0.0,1.0
TEMEKA,0.0,1.0
TEMIKA,0.0,1.0
TEMPIE,0.0,1.0
TEMPLE,0.0,1.0
TENA,0.0,1.0
TENESHA,0.0,1.0
TENISHA,0.0,1.0
TENNIE,0.0,1.0
TENNILLE,0.0,1.0
TEODORA,0.0,1.0
TEODORO,1.0,0.0
TEOFILA,0.0,1.0
TEQUILA,0.0,1.0
TERA,0.0,1.0
TEREASA,0.0,1.0
TERENCE,1.0,0.0
TERESA,0.0,1.0
TERESE,0.0,1.0
TERESIA,0.0,1.0
TERESITA,0.0,1.0
TERESSA,0.0,1.0
TERI,0.0,1.0
TERICA,0.0,1.0
TERINA,0.0,1.0
TERISA,0.0,1.0
TERRA,0.0,1.0
TERRANCE,1.0,0.0
TERRELL,0.9523809523809524,0.04761904761904762
TERRENCE,1.0,0.0
TERRESA,0.0,1.0
TERRI,0.0,1.0
TERRIE,0.0,1.0
TERRILYN,0.0,1.0
TERRY,0.7953964194373401,0.20460358056265984
TESHA,0.0,1.0
TESS,0.0,1.0
TESSA,0.0,1.0
TESSIE,0.0,1.0
THAD,1.0,0.0
THADDEUS,1.0,0.0
THALIA,0.0,1.0
THANH,0.7142857142857142,0.2857142857142857
THAO,0.0,1.0
THEA,0.0,1.0
THEDA,0.0,1.0
THELMA,0.0,1.0
THEO,0.7142857142857142,0.2857142857142857
THEODORA,0.0,1.0
THEODORE,1.0,0.0
THEOLA,0.0,1.0
THERESA,0.0,1.0
THERESE,0.0,1.0
THERESIA,0.0,1.0
THERESSA,0.0,1.0
THERON,1.0,0.0
THERSA,0.0,1.0
THI,0.0,1.0
THOMAS,0.9978308026030368,0.0021691973969631237
THOMASENA,0.0,1.0
THOMASINA,0.0,1.0
THOMASINE,0.0,1.0
THORA,0.0,1.0
THRESA,0.0,1.0
THU,0.0,1.0
THURMAN,1.0,0.0
THUY,0.0,1.0
TIA,0.0,1.0
TIANA,0.0,1.0
TIANNA,0.0,1.0
TIARA,0.0,1.0
TIEN,0.0,1.0
TIERA,0.0,1.0
TIERRA,0.0,1.0
TIESHA,0.0,1.0
TIFANY,0.0,1.0
TIFFANEY,0.0,1.0
TIFFANI,0.0,1.0
TIFFANIE,0.0,1.0
TIFFANY,0.0,1.0
TIFFINY,0.0,1.0
TIJUANA,0.0,1.0
TILDA,0.0,1.0
TILLIE,0.0,1.0
TIM,1.0,0.0
TIMIKA,0.0,1.0
TIMMY,1.0,0.0
TIMOTHY,0.9984399375975039,0.0015600624024961
TINA,0.0,1.0
TINISHA,0.0,1.0
TINY,0.0,1.0
TISA,0.0,1.0
TISH,0.0,1.0
TISHA,0.0,1.0
TITUS,1.0,0.0
TOBI,0.0,1.0
TOBIAS,1.0,0.0
TOBIE,0.0,1.0
TOBY,0.8260869565217391,0.1739130434782609
TOCCARA,0.0,1.0
TOD,1.0,0.0
TODD,1.0,0.0
TOI,0.0,1.0
TOM,1.0,0.0
TOMAS,1.0,0.0
TOMASA,0.0,1.0
TOMEKA,0.0,1.0
TOMI,0.0,1.0
TOMIKA,0.0,1.0
TOMIKO,0.0,1.0
TOMMIE,0.6060606060606061,0.393939393939394
TOMMY,0.9739130434782608,0.026086956521739132
TOMMYE,0.0,1.0
TOMOKO,0.0,1.0
TONA,0.0,1.0
TONDA,0.0,1.0
TONETTE,0.0,1.0
TONEY,1.0,0.0
TONI,0.0,1.0
TONIA,0.0,1.0
TONIE,0.0,1.0
TONISHA,0.0,1.0
TONITA,0.0,1.0
TONJA,0.0,1.0
TONY,0.979381443298969,0.020618556701030927
TONYA,0.0,1.0
TORA,0.0,1.0
TORI,0.0,1.0
TORIE,0.0,1.0
TORRI,0.0,1.0
TORRIE,0.0,1.0
TORY,0.8333333333333334,0.16666666666666669
TOSHA,0.0,1.0
TOSHIA,0.0,1.0
TOSHIKO,0.0,1.0
TOVA,0.0,1.0
TOWANDA,0.0,1.0
TOYA,0.0,1.0
TRACEE,0.0,1.0
TRACEY,0.09210526315789472,0.9078947368421053
TRACI,0.0,1.0
TRACIE,0.0,1.0
TRACY,0.1959183673469388,0.8040816326530612
TRAN,0.0,1.0
TRANG,0.0,1.0
TRAVIS,0.9940119760479041,0.005988023952095809
TREASA,0.0,1.0
TREENA,0.0,1.0
TRENA,0.0,1.0
TRENT,1.0,0.0
TRENTON,1.0,0.0
TRESA,0.0,1.0
TRESSA,0.0,1.0
TRESSIE,0.0,1.0
TREVA,0.0,1.0
TREVOR,1.0,0.0
TREY,1.0,0.0
TRICIA,0.0,1.0
TRINA,0.0,1.0
TRINH,0.0,1.0
TRINIDAD,0.45454545454545453,0.5454545454545454
TRINITY,0.0,1.0
TRISH,0.0,1.0
TRISHA,0.0,1.0
TRISTA,0.0,1.0
TRISTAN,0.8,0.2
TROY,0.9928057553956834,0.007194244604316546
TRUDI,0.0,1.0
TRUDIE,0.0,1.0
TRUDY,0.0,1.0
TRULA,0.0,1.0
TRUMAN,1.0,0.0
TU,0.0,1.0
TUAN,1.0,0.0
TULA,0.0,1.0
TUYET,0.0,1.0
TWANA,0.0,1.0
TWANDA,0.0,1.0
TWANNA,0.0,1.0
TWILA,0.0,1.0
TWYLA,0.0,1.0
TY,1.0,0.0
TYESHA,0.0,1.0
TYISHA,0.0,1.0
TYLER,0.978021978021978,0.021978021978021976
TYNISHA,0.0,1.0
TYRA,0.0,1.0
TYREE,1.0,0.0
TYRELL,1.0,0.0
TYRON,1.0,0.0
TYRONE,1.0,0.0
TYSON,1.0,0.0
ULA,0.0,1.0
ULRIKE,0.0,1.0
ULYSSES,1.0,0.0
UN,0.0,1.0
UNA,0.0,1.0
URSULA,0.0,1.0
USHA,0.0,1.0
UTE,0.0,1.0
VADA,0.0,1.0
VAL,0.6666666666666666,0.3333333333333333
VALARIE,0.0,1.0
VALDA,0.0,1.0
VALENCIA,0.0,1.0
VALENE,0.0,1.0
VALENTIN,1.0,0.0
VALENTINA,0.0,1.0
VALENTINE,0.8333333333333334,0.16666666666666669
VALERI,0.0,1.0
VALERIA,0.0,1.0
VALERIE,0.0,1.0
VALERY,0.0,1.0
VALLIE,0.0,1.0
VALORIE,0.0,1.0
VALRIE,0.0,1.0
VAN,0.8636363636363636,0.13636363636363638
VANCE,1.0,0.0
VANDA,0.0,1.0
VANESA,0.0,1.0
VANESSA,0.0,1.0
VANETTA,0.0,1.0
VANIA,0.0,1.0
VANITA,0.0,1.0
VANNA,0.0,1.0
VANNESA,0.0,1.0
VANNESSA,0.0,1.0
VASHTI,0.0,1.0
VASILIKI,0.0,1.0
VAUGHN,1.0,0.0
VEDA,0.0,1.0
VELDA,0.0,1.0
VELIA,0.0,1.0
VELLA,0.0,1.0
VELMA,0.0,1.0
VELVA,0.0,1.0
VELVET,0.0,1.0
VENA,0.0,1.0
VENESSA,0.0,1.0
VENETTA,0.0,1.0
VENICE,0.0,1.0
VENITA,0.0,1.0
VENNIE,0.0,1.0
VENUS,0.0,1.0
VEOLA,0.0,1.0
VERA,0.0,1.0
VERDA,0.0,1.0
VERDELL,0.0,1.0
VERDIE,0.0,1.0
VERENA,0.0,1.0
VERGIE,0.0,1.0
VERLA,0.0,1.0
VERLENE,0.0,1.0
VERLIE,0.0,1.0
VERLINE,0.0,1.0
VERN,1.0,0.0
VERNA,0.0,1.0
VERNELL,0.0,1.0
VERNETTA,0.0,1.0
VERNIA,0.0,1.0
VERNICE,0.0,1.0
VERNIE,0.0,1.0
VERNITA,0.0,1.0
VERNON,0.9897959183673469,0.010204081632653062
VERONA,0.0,1.0
VERONICA,0.0,1.0
VERONIKA,0.0,1.0
VERONIQUE,0.0,1.0
VERSIE,0.0,1.0
VERTIE,0.0,1.0
VESTA,0.0,1.0
VETA,0.0,1.0
VI,0.0,1.0
VICENTA,0.0,1.0
VICENTE,1.0,0.0
VICKEY,0.0,1.0
VICKI,0.0,1.0
VICKIE,0.0,1.0
VICKY,0.0,1.0
VICTOR,0.9955156950672646,0.004484304932735426
VICTORIA,0.0,1.0
VICTORINA,0.0,1.0
VIDA,0.0,1.0
VIKI,0.0,1.0
VIKKI,0.0,1.0
VILMA,0.0,1.0
VINA,0.0,1.0
VINCE,1.0,0.0
VINCENT,1.0,0.0
VINCENZA,0.0,1.0
VINCENZO,1.0,0.0
VINITA,0.0,1.0
VINNIE,0.0,1.0
VIOLA,0.0,1.0
VIOLET,0.0,1.0
VIOLETA,0.0,1.0
VIOLETTE,0.0,1.0
VIRGEN,0.0,1.0
VIRGIE,0.0,1.0
VIRGIL,0.98,0.02
VIRGILIO,1.0,0.0
VIRGINA,0.0,1.0
VIRGINIA,0.0,1.0
VITA,0.0,1.0
VITO,1.0,0.0
VIVA,0.0,1.0
VIVAN,0.0,1.0
VIVIAN,0.0,1.0
VIVIANA,0.0,1.0
VIVIEN,0.0,1.0
VIVIENNE,0.0,1.0
VON,1.0,0.0
VONCILE,0.0,1.0
VONDA,0.0,1.0
VONNIE,0.0,1.0
WADE,1.0,0.0
WAI,0.0,1.0
WALDO,1.0,0.0
WALKER,1.0,0.0
WALLACE,1.0,0.0
WALLY,1.0,0.0
WALTER,0.9950124688279302,0.004987531172069826
WALTON,1.0,0.0
WALTRAUD,0.0,1.0
WAN,0.0,1.0
WANDA,0.0,1.0
WANETA,0.0,1.0
WANETTA,0.0,1.0
WANITA,0.0,1.0
WARD,1.0,0.0
WARNER,1.0,0.0
WARREN,1.0,0.0
WAVA,0.0,1.0
WAYLON,1.0,0.0
WAYNE,1.0,0.0
WEI,0.0,1.0
WELDON,1.0,0.0
WEN,0.0,1.0
WENDELL,1.0,0.0
WENDI,0.0,1.0
WENDIE,0.0,1.0
WENDOLYN,0.0,1.0
WENDY,0.0,1.0
WENONA,0.0,1.0
WERNER,1.0,0.0
WES,1.0,0.0
WESLEY,0.9904761904761904,0.009523809523809523
WESTON,1.0,0.0
WHITLEY,0.0,1.0
WHITNEY,0.1,0.8999999999999999
WILBER,1.0,0.0
WILBERT,1.0,0.0
WILBUR,1.0,0.0
WILBURN,1.0,0.0
WILDA,0.0,1.0
WILEY,1.0,0.0
WILFORD,1.0,0.0
WILFRED,1.0,0.0
WILFREDO,1.0,0.0
WILHELMINA,0.0,1.0
WILHEMINA,0.0,1.0
WILL,1.0,0.0
WILLA,0.0,1.0
WILLARD,1.0,0.0
WILLENA,0.0,1.0
WILLENE,0.0,1.0
WILLETTA,0.0,1.0
WILLETTE,0.0,1.0
WILLIA,0.0,1.0
WILLIAM,0.9971521562245728,0.002847843775427176
WILLIAMS,1.0,0.0
WILLIAN,1.0,0.0
WILLIE,0.7568922305764411,0.24310776942355886
WILLIEMAE,0.0,1.0
WILLIS,1.0,0.0
WILLODEAN,0.0,1.0
WILLOW,0.0,1.0
WILLY,1.0,0.0
WILMA,0.0,1.0
WILMER,1.0,0.0
WILSON,1.0,0.0
WILTON,1.0,0.0
WINDY,0.0,1.0
WINFORD,1.0,0.0
WINFRED,1.0,0.0
WINIFRED,0.0,1.0
WINNIE,0.0,1.0
WINNIFRED,0.0,1.0
WINONA,0.0,1.0
WINSTON,1.0,0.0
WINTER,0.0,1.0
WM,1.0,0.0
WONDA,0.0,1.0
WOODROW,1.0,0.0
WYATT,1.0,0.0
WYNELL,0.0,1.0
WYNONA,0.0,1.0
XAVIER,1.0,0.0
XENIA,0.0,1.0
XIAO,0.0,1.0
XIOMARA,0.0,1.0
XOCHITL,0.0,1.0
XUAN,0.0,1.0
YADIRA,0.0,1.0
YAEKO,0.0,1.0
YAEL,0.0,1.0
YAHAIRA,0.0,1.0
YAJAIRA,0.0,1.0
YAN,0.0,1.0
YANG,0.0,1.0
YANIRA,0.0,1.0
YASMIN,0.0,1.0
YASMINE,0.0,1.0
YASUKO,0.0,1.0
YEE,0.0,1.0
YELENA,0.0,1.0
YEN,0.0,1.0
YER,0.0,1.0
YESENIA,0.0,1.0
YESSENIA,0.0,1.0
YETTA,0.0,1.0
YEVETTE,0.0,1.0
YI,0.0,1.0
YING,0.0,1.0
YOKO,0.0,1.0
YOLANDA,0.0,1.0
YOLANDE,0.0,1.0
YOLANDO,0.0,1.0
YOLONDA,0.0,1.0
YON,0.0,1.0
YONG,0.46153846153846156,0.5384615384615384
YOSHIE,0.0,1.0
YOSHIKO,0.0,1.0
YOULANDA,0.0,1.0
YOUNG,0.41176470588235287,0.5882352941176471
YU,0.0,1.0
YUETTE,0.0,1.0
YUK,0.0,1.0
YUKI,0.0,1.0
YUKIKO,0.0,1.0
YUKO,0.0,1.0
YULANDA,0.0,1.0
YUN,0.0,1.0
YUNG,0.0,1.0
YUONNE,0.0,1.0
YURI,0.0,1.0
YURIKO,0.0,1.0
YVETTE,0.0,1.0
YVONE,0.0,1.0
YVONNE,0.0,1.0
ZACHARIAH,1.0,0.0
ZACHARY,1.0,0.0
ZACHERY,1.0,0.0
ZACK,1.0,0.0
ZACKARY,1.0,0.0
ZADA,0.0,1.0
ZAIDA,0.0,1.0
ZANA,0.0,1.0
ZANDRA,0.0,1.0
ZANE,1.0,0.0
ZELDA,0.0,1.0
ZELLA,0.0,1.0
ZELMA,0.0,1.0
ZENA,0.0,1.0
ZENAIDA,0.0,1.0
ZENIA,0.0,1.0
ZENOBIA,0.0,1.0
ZETTA,0.0,1.0
ZINA,0.0,1.0
ZITA,0.0,1.0
ZOE,0.0,1.0
ZOFIA,0.0,1.0
ZOILA,0.0,1.0
ZOLA,0.0,1.0
ZONA,0.0,1.0
ZONIA,0.0,1.0
ZORA,0.0,1.0
ZORAIDA,0.0,1.0
ZULA,0.0,1.0
ZULEMA,0.0,1.0
ZULMA,0.0,1.0
